subject_id,has_roi_file,atlas,file_path
50004,True,AAL,D:\FGDN_Project\data\raw\abide\roi_timeseries\AAL\Outputs\cpac\nofilt_noglobal\rois_aal\Pitt_0050004_rois_aal.1D
50005,True,AAL,D:\FGDN_Project\data\raw\abide\roi_timeseries\AAL\Outputs\cpac\nofilt_noglobal\rois_aal\Pitt_0050005_rois_aal.1D
50006,True,AAL,D:\FGDN_Project\data\raw\abide\roi_timeseries\AAL\Outputs\cpac\nofilt_noglobal\rois_aal\Pitt_0050006_rois_aal.1D
50007,True,AAL,D:\FGDN_Project\data\raw\abide\roi_timeseries\AAL\Outputs\cpac\nofilt_noglobal\rois_aal\Pitt_0050007_rois_aal.1D
50008,True,AAL,D:\FGDN_Project\data\raw\abide\roi_timeseries\AAL\Outputs\cpac\nofilt_noglobal\rois_aal\Pitt_0050008_rois_aal.1D
50009,True,AAL,D:\FGDN_Project\data\raw\abide\roi_timeseries\AAL\Outputs\cpac\nofilt_noglobal\rois_aal\Pitt_0050009_rois_aal.1D
50010,True,AAL,D:\FGDN_Project\data\raw\abide\roi_timeseries\AAL\Outputs\cpac\nofilt_noglobal\rois_aal\Pitt_0050010_rois_aal.1D
50011,True,AAL,D:\FGDN_Project\data\raw\abide\roi_timeseries\AAL\Outputs\cpac\nofilt_noglobal\rois_aal\Pitt_0050011_rois_aal.1D
50012,True,AAL,D:\FGDN_Project\data\raw\abide\roi_timeseries\AAL\Outputs\cpac\nofilt_noglobal\rois_aal\Pitt_0050012_rois_aal.1D
50014,True,AAL,D:\FGDN_Project\data\raw\abide\roi_timeseries\AAL\Outputs\cpac\nofilt_noglobal\rois_aal\Pitt_0050014_rois_aal.1D
50015,True,AAL,D:\FGDN_Project\data\raw\abide\roi_timeseries\AAL\Outputs\cpac\nofilt_noglobal\rois_aal\Pitt_0050015_rois_aal.1D
50016,True,AAL,D:\FGDN_Project\data\raw\abide\roi_timeseries\AAL\Outputs\cpac\nofilt_noglobal\rois_aal\Pitt_0050016_rois_aal.1D
50020,True,AAL,D:\FGDN_Project\data\raw\abide\roi_timeseries\AAL\Outputs\cpac\nofilt_noglobal\rois_aal\Pitt_0050020_rois_aal.1D
50022,True,AAL,D:\FGDN_Project\data\raw\abide\roi_timeseries\AAL\Outputs\cpac\nofilt_noglobal\rois_aal\Pitt_0050022_rois_aal.1D
50023,True,AAL,D:\FGDN_Project\data\raw\abide\roi_timeseries\AAL\Outputs\cpac\nofilt_noglobal\rois_aal\Pitt_0050023_rois_aal.1D
50024,True,AAL,D:\FGDN_Project\data\raw\abide\roi_timeseries\AAL\Outputs\cpac\nofilt_noglobal\rois_aal\Pitt_0050024_rois_aal.1D
50025,True,AAL,D:\FGDN_Project\data\raw\abide\roi_timeseries\AAL\Outputs\cpac\nofilt_noglobal\rois_aal\Pitt_0050025_rois_aal.1D
50027,True,AAL,D:\FGDN_Project\data\raw\abide\roi_timeseries\AAL\Outputs\cpac\nofilt_noglobal\rois_aal\Pitt_0050027_rois_aal.1D
50029,True,AAL,D:\FGDN_Project\data\raw\abide\roi_timeseries\AAL\Outputs\cpac\nofilt_noglobal\rois_aal\Pitt_0050029_rois_aal.1D
50030,True,AAL,D:\FGDN_Project\data\raw\abide\roi_timeseries\AAL\Outputs\cpac\nofilt_noglobal\rois_aal\Pitt_0050030_rois_aal.1D
50031,True,AAL,D:\FGDN_Project\data\raw\abide\roi_timeseries\AAL\Outputs\cpac\nofilt_noglobal\rois_aal\Pitt_0050031_rois_aal.1D
50032,True,AAL,D:\FGDN_Project\data\raw\abide\roi_timeseries\AAL\Outputs\cpac\nofilt_noglobal\rois_aal\Pitt_0050032_rois_aal.1D
50033,True,AAL,D:\FGDN_Project\data\raw\abide\roi_timeseries\AAL\Outputs\cpac\nofilt_noglobal\rois_aal\Pitt_0050033_rois_aal.1D
50034,True,AAL,D:\FGDN_Project\data\raw\abide\roi_timeseries\AAL\Outputs\cpac\nofilt_noglobal\rois_aal\Pitt_0050034_rois_aal.1D
50035,True,AAL,D:\FGDN_Project\data\raw\abide\roi_timeseries\AAL\Outputs\cpac\nofilt_noglobal\rois_aal\Pitt_0050035_rois_aal.1D
50036,True,AAL,D:\FGDN_Project\data\raw\abide\roi_timeseries\AAL\Outputs\cpac\nofilt_noglobal\rois_aal\Pitt_0050036_rois_aal.1D
50037,True,AAL,D:\FGDN_Project\data\raw\abide\roi_timeseries\AAL\Outputs\cpac\nofilt_noglobal\rois_aal\Pitt_0050037_rois_aal.1D
50038,True,AAL,D:\FGDN_Project\data\raw\abide\roi_timeseries\AAL\Outputs\cpac\nofilt_noglobal\rois_aal\Pitt_0050038_rois_aal.1D
50040,True,AAL,D:\FGDN_Project\data\raw\abide\roi_timeseries\AAL\Outputs\cpac\nofilt_noglobal\rois_aal\Pitt_0050040_rois_aal.1D
50041,True,AAL,D:\FGDN_Project\data\raw\abide\roi_timeseries\AAL\Outputs\cpac\nofilt_noglobal\rois_aal\Pitt_0050041_rois_aal.1D
50042,True,AAL,D:\FGDN_Project\data\raw\abide\roi_timeseries\AAL\Outputs\cpac\nofilt_noglobal\rois_aal\Pitt_0050042_rois_aal.1D
50044,True,AAL,D:\FGDN_Project\data\raw\abide\roi_timeseries\AAL\Outputs\cpac\nofilt_noglobal\rois_aal\Pitt_0050044_rois_aal.1D
50045,True,AAL,D:\FGDN_Project\data\raw\abide\roi_timeseries\AAL\Outputs\cpac\nofilt_noglobal\rois_aal\Pitt_0050045_rois_aal.1D
50046,True,AAL,D:\FGDN_Project\data\raw\abide\roi_timeseries\AAL\Outputs\cpac\nofilt_noglobal\rois_aal\Pitt_0050046_rois_aal.1D
50047,True,AAL,D:\FGDN_Project\data\raw\abide\roi_timeseries\AAL\Outputs\cpac\nofilt_noglobal\rois_aal\Pitt_0050047_rois_aal.1D
50048,True,AAL,D:\FGDN_Project\data\raw\abide\roi_timeseries\AAL\Outputs\cpac\nofilt_noglobal\rois_aal\Pitt_0050048_rois_aal.1D
50050,True,AAL,D:\FGDN_Project\data\raw\abide\roi_timeseries\AAL\Outputs\cpac\nofilt_noglobal\rois_aal\Pitt_0050050_rois_aal.1D
50051,True,AAL,D:\FGDN_Project\data\raw\abide\roi_timeseries\AAL\Outputs\cpac\nofilt_noglobal\rois_aal\Pitt_0050051_rois_aal.1D
50052,True,AAL,D:\FGDN_Project\data\raw\abide\roi_timeseries\AAL\Outputs\cpac\nofilt_noglobal\rois_aal\Pitt_0050052_rois_aal.1D
50055,True,AAL,D:\FGDN_Project\data\raw\abide\roi_timeseries\AAL\Outputs\cpac\nofilt_noglobal\rois_aal\Pitt_0050055_rois_aal.1D
50056,True,AAL,D:\FGDN_Project\data\raw\abide\roi_timeseries\AAL\Outputs\cpac\nofilt_noglobal\rois_aal\Pitt_0050056_rois_aal.1D
50057,True,AAL,D:\FGDN_Project\data\raw\abide\roi_timeseries\AAL\Outputs\cpac\nofilt_noglobal\rois_aal\Pitt_0050057_rois_aal.1D
50058,True,AAL,D:\FGDN_Project\data\raw\abide\roi_timeseries\AAL\Outputs\cpac\nofilt_noglobal\rois_aal\Pitt_0050058_rois_aal.1D
50059,True,AAL,D:\FGDN_Project\data\raw\abide\roi_timeseries\AAL\Outputs\cpac\nofilt_noglobal\rois_aal\Pitt_0050059_rois_aal.1D
50060,True,AAL,D:\FGDN_Project\data\raw\abide\roi_timeseries\AAL\Outputs\cpac\nofilt_noglobal\rois_aal\Pitt_0050060_rois_aal.1D
50102,True,AAL,D:\FGDN_Project\data\raw\abide\roi_timeseries\AAL\Outputs\cpac\nofilt_noglobal\rois_aal\Olin_0050102_rois_aal.1D
50104,True,AAL,D:\FGDN_Project\data\raw\abide\roi_timeseries\AAL\Outputs\cpac\nofilt_noglobal\rois_aal\Olin_0050104_rois_aal.1D
50105,True,AAL,D:\FGDN_Project\data\raw\abide\roi_timeseries\AAL\Outputs\cpac\nofilt_noglobal\rois_aal\Olin_0050105_rois_aal.1D
50107,True,AAL,D:\FGDN_Project\data\raw\abide\roi_timeseries\AAL\Outputs\cpac\nofilt_noglobal\rois_aal\Olin_0050107_rois_aal.1D
50111,True,AAL,D:\FGDN_Project\data\raw\abide\roi_timeseries\AAL\Outputs\cpac\nofilt_noglobal\rois_aal\Olin_0050111_rois_aal.1D
50112,True,AAL,D:\FGDN_Project\data\raw\abide\roi_timeseries\AAL\Outputs\cpac\nofilt_noglobal\rois_aal\Olin_0050112_rois_aal.1D
50113,True,AAL,D:\FGDN_Project\data\raw\abide\roi_timeseries\AAL\Outputs\cpac\nofilt_noglobal\rois_aal\Olin_0050113_rois_aal.1D
50114,True,AAL,D:\FGDN_Project\data\raw\abide\roi_timeseries\AAL\Outputs\cpac\nofilt_noglobal\rois_aal\Olin_0050114_rois_aal.1D
50115,True,AAL,D:\FGDN_Project\data\raw\abide\roi_timeseries\AAL\Outputs\cpac\nofilt_noglobal\rois_aal\Olin_0050115_rois_aal.1D
50116,True,AAL,D:\FGDN_Project\data\raw\abide\roi_timeseries\AAL\Outputs\cpac\nofilt_noglobal\rois_aal\Olin_0050116_rois_aal.1D
50117,True,AAL,D:\FGDN_Project\data\raw\abide\roi_timeseries\AAL\Outputs\cpac\nofilt_noglobal\rois_aal\Olin_0050117_rois_aal.1D
50118,True,AAL,D:\FGDN_Project\data\raw\abide\roi_timeseries\AAL\Outputs\cpac\nofilt_noglobal\rois_aal\Olin_0050118_rois_aal.1D
50119,True,AAL,D:\FGDN_Project\data\raw\abide\roi_timeseries\AAL\Outputs\cpac\nofilt_noglobal\rois_aal\Olin_0050119_rois_aal.1D
50121,True,AAL,D:\FGDN_Project\data\raw\abide\roi_timeseries\AAL\Outputs\cpac\nofilt_noglobal\rois_aal\Olin_0050121_rois_aal.1D
50122,True,AAL,D:\FGDN_Project\data\raw\abide\roi_timeseries\AAL\Outputs\cpac\nofilt_noglobal\rois_aal\Olin_0050122_rois_aal.1D
50125,True,AAL,D:\FGDN_Project\data\raw\abide\roi_timeseries\AAL\Outputs\cpac\nofilt_noglobal\rois_aal\Olin_0050125_rois_aal.1D
50127,True,AAL,D:\FGDN_Project\data\raw\abide\roi_timeseries\AAL\Outputs\cpac\nofilt_noglobal\rois_aal\Olin_0050127_rois_aal.1D
50128,True,AAL,D:\FGDN_Project\data\raw\abide\roi_timeseries\AAL\Outputs\cpac\nofilt_noglobal\rois_aal\Olin_0050128_rois_aal.1D
50129,True,AAL,D:\FGDN_Project\data\raw\abide\roi_timeseries\AAL\Outputs\cpac\nofilt_noglobal\rois_aal\Olin_0050129_rois_aal.1D
50130,True,AAL,D:\FGDN_Project\data\raw\abide\roi_timeseries\AAL\Outputs\cpac\nofilt_noglobal\rois_aal\Olin_0050130_rois_aal.1D
50131,True,AAL,D:\FGDN_Project\data\raw\abide\roi_timeseries\AAL\Outputs\cpac\nofilt_noglobal\rois_aal\Olin_0050131_rois_aal.1D
50132,True,AAL,D:\FGDN_Project\data\raw\abide\roi_timeseries\AAL\Outputs\cpac\nofilt_noglobal\rois_aal\Olin_0050132_rois_aal.1D
50133,True,AAL,D:\FGDN_Project\data\raw\abide\roi_timeseries\AAL\Outputs\cpac\nofilt_noglobal\rois_aal\Olin_0050133_rois_aal.1D
50134,True,AAL,D:\FGDN_Project\data\raw\abide\roi_timeseries\AAL\Outputs\cpac\nofilt_noglobal\rois_aal\Olin_0050134_rois_aal.1D
50136,True,AAL,D:\FGDN_Project\data\raw\abide\roi_timeseries\AAL\Outputs\cpac\nofilt_noglobal\rois_aal\Olin_0050136_rois_aal.1D
50142,True,AAL,D:\FGDN_Project\data\raw\abide\roi_timeseries\AAL\Outputs\cpac\nofilt_noglobal\rois_aal\OHSU_0050142_rois_aal.1D
50143,True,AAL,D:\FGDN_Project\data\raw\abide\roi_timeseries\AAL\Outputs\cpac\nofilt_noglobal\rois_aal\OHSU_0050143_rois_aal.1D
50144,True,AAL,D:\FGDN_Project\data\raw\abide\roi_timeseries\AAL\Outputs\cpac\nofilt_noglobal\rois_aal\OHSU_0050144_rois_aal.1D
50145,True,AAL,D:\FGDN_Project\data\raw\abide\roi_timeseries\AAL\Outputs\cpac\nofilt_noglobal\rois_aal\OHSU_0050145_rois_aal.1D
50146,True,AAL,D:\FGDN_Project\data\raw\abide\roi_timeseries\AAL\Outputs\cpac\nofilt_noglobal\rois_aal\OHSU_0050146_rois_aal.1D
50147,True,AAL,D:\FGDN_Project\data\raw\abide\roi_timeseries\AAL\Outputs\cpac\nofilt_noglobal\rois_aal\OHSU_0050147_rois_aal.1D
50148,True,AAL,D:\FGDN_Project\data\raw\abide\roi_timeseries\AAL\Outputs\cpac\nofilt_noglobal\rois_aal\OHSU_0050148_rois_aal.1D
50149,True,AAL,D:\FGDN_Project\data\raw\abide\roi_timeseries\AAL\Outputs\cpac\nofilt_noglobal\rois_aal\OHSU_0050149_rois_aal.1D
50150,True,AAL,D:\FGDN_Project\data\raw\abide\roi_timeseries\AAL\Outputs\cpac\nofilt_noglobal\rois_aal\OHSU_0050150_rois_aal.1D
50152,True,AAL,D:\FGDN_Project\data\raw\abide\roi_timeseries\AAL\Outputs\cpac\nofilt_noglobal\rois_aal\OHSU_0050152_rois_aal.1D
50153,True,AAL,D:\FGDN_Project\data\raw\abide\roi_timeseries\AAL\Outputs\cpac\nofilt_noglobal\rois_aal\OHSU_0050153_rois_aal.1D
50156,True,AAL,D:\FGDN_Project\data\raw\abide\roi_timeseries\AAL\Outputs\cpac\nofilt_noglobal\rois_aal\OHSU_0050156_rois_aal.1D
50157,True,AAL,D:\FGDN_Project\data\raw\abide\roi_timeseries\AAL\Outputs\cpac\nofilt_noglobal\rois_aal\OHSU_0050157_rois_aal.1D
50158,True,AAL,D:\FGDN_Project\data\raw\abide\roi_timeseries\AAL\Outputs\cpac\nofilt_noglobal\rois_aal\OHSU_0050158_rois_aal.1D
50159,True,AAL,D:\FGDN_Project\data\raw\abide\roi_timeseries\AAL\Outputs\cpac\nofilt_noglobal\rois_aal\OHSU_0050159_rois_aal.1D
50160,True,AAL,D:\FGDN_Project\data\raw\abide\roi_timeseries\AAL\Outputs\cpac\nofilt_noglobal\rois_aal\OHSU_0050160_rois_aal.1D
50161,True,AAL,D:\FGDN_Project\data\raw\abide\roi_timeseries\AAL\Outputs\cpac\nofilt_noglobal\rois_aal\OHSU_0050161_rois_aal.1D
50166,True,AAL,D:\FGDN_Project\data\raw\abide\roi_timeseries\AAL\Outputs\cpac\nofilt_noglobal\rois_aal\OHSU_0050166_rois_aal.1D
50167,True,AAL,D:\FGDN_Project\data\raw\abide\roi_timeseries\AAL\Outputs\cpac\nofilt_noglobal\rois_aal\OHSU_0050167_rois_aal.1D
50168,True,AAL,D:\FGDN_Project\data\raw\abide\roi_timeseries\AAL\Outputs\cpac\nofilt_noglobal\rois_aal\OHSU_0050168_rois_aal.1D
50169,True,AAL,D:\FGDN_Project\data\raw\abide\roi_timeseries\AAL\Outputs\cpac\nofilt_noglobal\rois_aal\OHSU_0050169_rois_aal.1D
50170,True,AAL,D:\FGDN_Project\data\raw\abide\roi_timeseries\AAL\Outputs\cpac\nofilt_noglobal\rois_aal\OHSU_0050170_rois_aal.1D
50171,True,AAL,D:\FGDN_Project\data\raw\abide\roi_timeseries\AAL\Outputs\cpac\nofilt_noglobal\rois_aal\OHSU_0050171_rois_aal.1D
50182,True,AAL,D:\FGDN_Project\data\raw\abide\roi_timeseries\AAL\Outputs\cpac\nofilt_noglobal\rois_aal\SDSU_0050182_rois_aal.1D
50183,True,AAL,D:\FGDN_Project\data\raw\abide\roi_timeseries\AAL\Outputs\cpac\nofilt_noglobal\rois_aal\SDSU_0050183_rois_aal.1D
50184,True,AAL,D:\FGDN_Project\data\raw\abide\roi_timeseries\AAL\Outputs\cpac\nofilt_noglobal\rois_aal\SDSU_0050184_rois_aal.1D
50186,True,AAL,D:\FGDN_Project\data\raw\abide\roi_timeseries\AAL\Outputs\cpac\nofilt_noglobal\rois_aal\SDSU_0050186_rois_aal.1D
50187,True,AAL,D:\FGDN_Project\data\raw\abide\roi_timeseries\AAL\Outputs\cpac\nofilt_noglobal\rois_aal\SDSU_0050187_rois_aal.1D
50188,True,AAL,D:\FGDN_Project\data\raw\abide\roi_timeseries\AAL\Outputs\cpac\nofilt_noglobal\rois_aal\SDSU_0050188_rois_aal.1D
50189,True,AAL,D:\FGDN_Project\data\raw\abide\roi_timeseries\AAL\Outputs\cpac\nofilt_noglobal\rois_aal\SDSU_0050189_rois_aal.1D
50190,True,AAL,D:\FGDN_Project\data\raw\abide\roi_timeseries\AAL\Outputs\cpac\nofilt_noglobal\rois_aal\SDSU_0050190_rois_aal.1D
50191,True,AAL,D:\FGDN_Project\data\raw\abide\roi_timeseries\AAL\Outputs\cpac\nofilt_noglobal\rois_aal\SDSU_0050191_rois_aal.1D
50193,True,AAL,D:\FGDN_Project\data\raw\abide\roi_timeseries\AAL\Outputs\cpac\nofilt_noglobal\rois_aal\SDSU_0050193_rois_aal.1D
50194,True,AAL,D:\FGDN_Project\data\raw\abide\roi_timeseries\AAL\Outputs\cpac\nofilt_noglobal\rois_aal\SDSU_0050194_rois_aal.1D
50195,True,AAL,D:\FGDN_Project\data\raw\abide\roi_timeseries\AAL\Outputs\cpac\nofilt_noglobal\rois_aal\SDSU_0050195_rois_aal.1D
50196,True,AAL,D:\FGDN_Project\data\raw\abide\roi_timeseries\AAL\Outputs\cpac\nofilt_noglobal\rois_aal\SDSU_0050196_rois_aal.1D
50197,True,AAL,D:\FGDN_Project\data\raw\abide\roi_timeseries\AAL\Outputs\cpac\nofilt_noglobal\rois_aal\SDSU_0050197_rois_aal.1D
50198,True,AAL,D:\FGDN_Project\data\raw\abide\roi_timeseries\AAL\Outputs\cpac\nofilt_noglobal\rois_aal\SDSU_0050198_rois_aal.1D
50199,True,AAL,D:\FGDN_Project\data\raw\abide\roi_timeseries\AAL\Outputs\cpac\nofilt_noglobal\rois_aal\SDSU_0050199_rois_aal.1D
50200,True,AAL,D:\FGDN_Project\data\raw\abide\roi_timeseries\AAL\Outputs\cpac\nofilt_noglobal\rois_aal\SDSU_0050200_rois_aal.1D
50201,True,AAL,D:\FGDN_Project\data\raw\abide\roi_timeseries\AAL\Outputs\cpac\nofilt_noglobal\rois_aal\SDSU_0050201_rois_aal.1D
50203,True,AAL,D:\FGDN_Project\data\raw\abide\roi_timeseries\AAL\Outputs\cpac\nofilt_noglobal\rois_aal\SDSU_0050203_rois_aal.1D
50204,True,AAL,D:\FGDN_Project\data\raw\abide\roi_timeseries\AAL\Outputs\cpac\nofilt_noglobal\rois_aal\SDSU_0050204_rois_aal.1D
50205,True,AAL,D:\FGDN_Project\data\raw\abide\roi_timeseries\AAL\Outputs\cpac\nofilt_noglobal\rois_aal\SDSU_0050205_rois_aal.1D
50206,True,AAL,D:\FGDN_Project\data\raw\abide\roi_timeseries\AAL\Outputs\cpac\nofilt_noglobal\rois_aal\SDSU_0050206_rois_aal.1D
50207,True,AAL,D:\FGDN_Project\data\raw\abide\roi_timeseries\AAL\Outputs\cpac\nofilt_noglobal\rois_aal\SDSU_0050207_rois_aal.1D
50208,True,AAL,D:\FGDN_Project\data\raw\abide\roi_timeseries\AAL\Outputs\cpac\nofilt_noglobal\rois_aal\SDSU_0050208_rois_aal.1D
50209,True,AAL,D:\FGDN_Project\data\raw\abide\roi_timeseries\AAL\Outputs\cpac\nofilt_noglobal\rois_aal\SDSU_0050209_rois_aal.1D
50210,True,AAL,D:\FGDN_Project\data\raw\abide\roi_timeseries\AAL\Outputs\cpac\nofilt_noglobal\rois_aal\SDSU_0050210_rois_aal.1D
50211,True,AAL,D:\FGDN_Project\data\raw\abide\roi_timeseries\AAL\Outputs\cpac\nofilt_noglobal\rois_aal\SDSU_0050211_rois_aal.1D
50212,True,AAL,D:\FGDN_Project\data\raw\abide\roi_timeseries\AAL\Outputs\cpac\nofilt_noglobal\rois_aal\SDSU_0050212_rois_aal.1D
50213,True,AAL,D:\FGDN_Project\data\raw\abide\roi_timeseries\AAL\Outputs\cpac\nofilt_noglobal\rois_aal\SDSU_0050213_rois_aal.1D
50214,True,AAL,D:\FGDN_Project\data\raw\abide\roi_timeseries\AAL\Outputs\cpac\nofilt_noglobal\rois_aal\SDSU_0050214_rois_aal.1D
50215,True,AAL,D:\FGDN_Project\data\raw\abide\roi_timeseries\AAL\Outputs\cpac\nofilt_noglobal\rois_aal\SDSU_0050215_rois_aal.1D
50216,True,AAL,D:\FGDN_Project\data\raw\abide\roi_timeseries\AAL\Outputs\cpac\nofilt_noglobal\rois_aal\SDSU_0050216_rois_aal.1D
50217,True,AAL,D:\FGDN_Project\data\raw\abide\roi_timeseries\AAL\Outputs\cpac\nofilt_noglobal\rois_aal\SDSU_0050217_rois_aal.1D
50232,True,AAL,D:\FGDN_Project\data\raw\abide\roi_timeseries\AAL\Outputs\cpac\nofilt_noglobal\rois_aal\Trinity_0050232_rois_aal.1D
50233,True,AAL,D:\FGDN_Project\data\raw\abide\roi_timeseries\AAL\Outputs\cpac\nofilt_noglobal\rois_aal\Trinity_0050233_rois_aal.1D
50234,True,AAL,D:\FGDN_Project\data\raw\abide\roi_timeseries\AAL\Outputs\cpac\nofilt_noglobal\rois_aal\Trinity_0050234_rois_aal.1D
50235,True,AAL,D:\FGDN_Project\data\raw\abide\roi_timeseries\AAL\Outputs\cpac\nofilt_noglobal\rois_aal\Trinity_0050235_rois_aal.1D
50236,True,AAL,D:\FGDN_Project\data\raw\abide\roi_timeseries\AAL\Outputs\cpac\nofilt_noglobal\rois_aal\Trinity_0050236_rois_aal.1D
50237,True,AAL,D:\FGDN_Project\data\raw\abide\roi_timeseries\AAL\Outputs\cpac\nofilt_noglobal\rois_aal\Trinity_0050237_rois_aal.1D
50239,True,AAL,D:\FGDN_Project\data\raw\abide\roi_timeseries\AAL\Outputs\cpac\nofilt_noglobal\rois_aal\Trinity_0050239_rois_aal.1D
50240,True,AAL,D:\FGDN_Project\data\raw\abide\roi_timeseries\AAL\Outputs\cpac\nofilt_noglobal\rois_aal\Trinity_0050240_rois_aal.1D
50241,True,AAL,D:\FGDN_Project\data\raw\abide\roi_timeseries\AAL\Outputs\cpac\nofilt_noglobal\rois_aal\Trinity_0050241_rois_aal.1D
50243,True,AAL,D:\FGDN_Project\data\raw\abide\roi_timeseries\AAL\Outputs\cpac\nofilt_noglobal\rois_aal\Trinity_0050243_rois_aal.1D
50245,True,AAL,D:\FGDN_Project\data\raw\abide\roi_timeseries\AAL\Outputs\cpac\nofilt_noglobal\rois_aal\Trinity_0050245_rois_aal.1D
50246,True,AAL,D:\FGDN_Project\data\raw\abide\roi_timeseries\AAL\Outputs\cpac\nofilt_noglobal\rois_aal\Trinity_0050246_rois_aal.1D
50247,True,AAL,D:\FGDN_Project\data\raw\abide\roi_timeseries\AAL\Outputs\cpac\nofilt_noglobal\rois_aal\Trinity_0050247_rois_aal.1D
50248,True,AAL,D:\FGDN_Project\data\raw\abide\roi_timeseries\AAL\Outputs\cpac\nofilt_noglobal\rois_aal\Trinity_0050248_rois_aal.1D
50249,True,AAL,D:\FGDN_Project\data\raw\abide\roi_timeseries\AAL\Outputs\cpac\nofilt_noglobal\rois_aal\Trinity_0050249_rois_aal.1D
50250,True,AAL,D:\FGDN_Project\data\raw\abide\roi_timeseries\AAL\Outputs\cpac\nofilt_noglobal\rois_aal\Trinity_0050250_rois_aal.1D
50251,True,AAL,D:\FGDN_Project\data\raw\abide\roi_timeseries\AAL\Outputs\cpac\nofilt_noglobal\rois_aal\Trinity_0050251_rois_aal.1D
50252,True,AAL,D:\FGDN_Project\data\raw\abide\roi_timeseries\AAL\Outputs\cpac\nofilt_noglobal\rois_aal\Trinity_0050252_rois_aal.1D
50253,True,AAL,D:\FGDN_Project\data\raw\abide\roi_timeseries\AAL\Outputs\cpac\nofilt_noglobal\rois_aal\Trinity_0050253_rois_aal.1D
50254,True,AAL,D:\FGDN_Project\data\raw\abide\roi_timeseries\AAL\Outputs\cpac\nofilt_noglobal\rois_aal\Trinity_0050254_rois_aal.1D
50255,True,AAL,D:\FGDN_Project\data\raw\abide\roi_timeseries\AAL\Outputs\cpac\nofilt_noglobal\rois_aal\Trinity_0050255_rois_aal.1D
50257,True,AAL,D:\FGDN_Project\data\raw\abide\roi_timeseries\AAL\Outputs\cpac\nofilt_noglobal\rois_aal\Trinity_0050257_rois_aal.1D
50259,True,AAL,D:\FGDN_Project\data\raw\abide\roi_timeseries\AAL\Outputs\cpac\nofilt_noglobal\rois_aal\Trinity_0050259_rois_aal.1D
50260,True,AAL,D:\FGDN_Project\data\raw\abide\roi_timeseries\AAL\Outputs\cpac\nofilt_noglobal\rois_aal\Trinity_0050260_rois_aal.1D
50261,True,AAL,D:\FGDN_Project\data\raw\abide\roi_timeseries\AAL\Outputs\cpac\nofilt_noglobal\rois_aal\Trinity_0050261_rois_aal.1D
50262,True,AAL,D:\FGDN_Project\data\raw\abide\roi_timeseries\AAL\Outputs\cpac\nofilt_noglobal\rois_aal\Trinity_0050262_rois_aal.1D
50263,True,AAL,D:\FGDN_Project\data\raw\abide\roi_timeseries\AAL\Outputs\cpac\nofilt_noglobal\rois_aal\Trinity_0050263_rois_aal.1D
50264,True,AAL,D:\FGDN_Project\data\raw\abide\roi_timeseries\AAL\Outputs\cpac\nofilt_noglobal\rois_aal\Trinity_0050264_rois_aal.1D
50266,True,AAL,D:\FGDN_Project\data\raw\abide\roi_timeseries\AAL\Outputs\cpac\nofilt_noglobal\rois_aal\Trinity_0050266_rois_aal.1D
50267,True,AAL,D:\FGDN_Project\data\raw\abide\roi_timeseries\AAL\Outputs\cpac\nofilt_noglobal\rois_aal\Trinity_0050267_rois_aal.1D
50268,True,AAL,D:\FGDN_Project\data\raw\abide\roi_timeseries\AAL\Outputs\cpac\nofilt_noglobal\rois_aal\Trinity_0050268_rois_aal.1D
50269,True,AAL,D:\FGDN_Project\data\raw\abide\roi_timeseries\AAL\Outputs\cpac\nofilt_noglobal\rois_aal\Trinity_0050269_rois_aal.1D
50270,True,AAL,D:\FGDN_Project\data\raw\abide\roi_timeseries\AAL\Outputs\cpac\nofilt_noglobal\rois_aal\Trinity_0050270_rois_aal.1D
50271,True,AAL,D:\FGDN_Project\data\raw\abide\roi_timeseries\AAL\Outputs\cpac\nofilt_noglobal\rois_aal\Trinity_0050271_rois_aal.1D
50272,True,AAL,D:\FGDN_Project\data\raw\abide\roi_timeseries\AAL\Outputs\cpac\nofilt_noglobal\rois_aal\UM_1_0050272_rois_aal.1D
50273,True,AAL,D:\FGDN_Project\data\raw\abide\roi_timeseries\AAL\Outputs\cpac\nofilt_noglobal\rois_aal\UM_1_0050273_rois_aal.1D
50274,True,AAL,D:\FGDN_Project\data\raw\abide\roi_timeseries\AAL\Outputs\cpac\nofilt_noglobal\rois_aal\UM_1_0050274_rois_aal.1D
50275,True,AAL,D:\FGDN_Project\data\raw\abide\roi_timeseries\AAL\Outputs\cpac\nofilt_noglobal\rois_aal\UM_1_0050275_rois_aal.1D
50276,True,AAL,D:\FGDN_Project\data\raw\abide\roi_timeseries\AAL\Outputs\cpac\nofilt_noglobal\rois_aal\UM_1_0050276_rois_aal.1D
50277,True,AAL,D:\FGDN_Project\data\raw\abide\roi_timeseries\AAL\Outputs\cpac\nofilt_noglobal\rois_aal\UM_1_0050277_rois_aal.1D
50278,True,AAL,D:\FGDN_Project\data\raw\abide\roi_timeseries\AAL\Outputs\cpac\nofilt_noglobal\rois_aal\UM_1_0050278_rois_aal.1D
50280,True,AAL,D:\FGDN_Project\data\raw\abide\roi_timeseries\AAL\Outputs\cpac\nofilt_noglobal\rois_aal\UM_1_0050280_rois_aal.1D
50282,True,AAL,D:\FGDN_Project\data\raw\abide\roi_timeseries\AAL\Outputs\cpac\nofilt_noglobal\rois_aal\UM_1_0050282_rois_aal.1D
50283,True,AAL,D:\FGDN_Project\data\raw\abide\roi_timeseries\AAL\Outputs\cpac\nofilt_noglobal\rois_aal\UM_1_0050283_rois_aal.1D
50284,True,AAL,D:\FGDN_Project\data\raw\abide\roi_timeseries\AAL\Outputs\cpac\nofilt_noglobal\rois_aal\UM_1_0050284_rois_aal.1D
50285,True,AAL,D:\FGDN_Project\data\raw\abide\roi_timeseries\AAL\Outputs\cpac\nofilt_noglobal\rois_aal\UM_1_0050285_rois_aal.1D
50287,True,AAL,D:\FGDN_Project\data\raw\abide\roi_timeseries\AAL\Outputs\cpac\nofilt_noglobal\rois_aal\UM_1_0050287_rois_aal.1D
50289,True,AAL,D:\FGDN_Project\data\raw\abide\roi_timeseries\AAL\Outputs\cpac\nofilt_noglobal\rois_aal\UM_1_0050289_rois_aal.1D
50290,True,AAL,D:\FGDN_Project\data\raw\abide\roi_timeseries\AAL\Outputs\cpac\nofilt_noglobal\rois_aal\UM_1_0050290_rois_aal.1D
50291,True,AAL,D:\FGDN_Project\data\raw\abide\roi_timeseries\AAL\Outputs\cpac\nofilt_noglobal\rois_aal\UM_1_0050291_rois_aal.1D
50292,True,AAL,D:\FGDN_Project\data\raw\abide\roi_timeseries\AAL\Outputs\cpac\nofilt_noglobal\rois_aal\UM_1_0050292_rois_aal.1D
50293,True,AAL,D:\FGDN_Project\data\raw\abide\roi_timeseries\AAL\Outputs\cpac\nofilt_noglobal\rois_aal\UM_1_0050293_rois_aal.1D
50294,True,AAL,D:\FGDN_Project\data\raw\abide\roi_timeseries\AAL\Outputs\cpac\nofilt_noglobal\rois_aal\UM_1_0050294_rois_aal.1D
50295,True,AAL,D:\FGDN_Project\data\raw\abide\roi_timeseries\AAL\Outputs\cpac\nofilt_noglobal\rois_aal\UM_1_0050295_rois_aal.1D
50297,True,AAL,D:\FGDN_Project\data\raw\abide\roi_timeseries\AAL\Outputs\cpac\nofilt_noglobal\rois_aal\UM_1_0050297_rois_aal.1D
50298,True,AAL,D:\FGDN_Project\data\raw\abide\roi_timeseries\AAL\Outputs\cpac\nofilt_noglobal\rois_aal\UM_1_0050298_rois_aal.1D
50300,True,AAL,D:\FGDN_Project\data\raw\abide\roi_timeseries\AAL\Outputs\cpac\nofilt_noglobal\rois_aal\UM_1_0050300_rois_aal.1D
50301,True,AAL,D:\FGDN_Project\data\raw\abide\roi_timeseries\AAL\Outputs\cpac\nofilt_noglobal\rois_aal\UM_1_0050301_rois_aal.1D
50302,True,AAL,D:\FGDN_Project\data\raw\abide\roi_timeseries\AAL\Outputs\cpac\nofilt_noglobal\rois_aal\UM_1_0050302_rois_aal.1D
50307,True,AAL,D:\FGDN_Project\data\raw\abide\roi_timeseries\AAL\Outputs\cpac\nofilt_noglobal\rois_aal\UM_1_0050307_rois_aal.1D
50310,True,AAL,D:\FGDN_Project\data\raw\abide\roi_timeseries\AAL\Outputs\cpac\nofilt_noglobal\rois_aal\UM_1_0050310_rois_aal.1D
50314,True,AAL,D:\FGDN_Project\data\raw\abide\roi_timeseries\AAL\Outputs\cpac\nofilt_noglobal\rois_aal\UM_1_0050314_rois_aal.1D
50315,True,AAL,D:\FGDN_Project\data\raw\abide\roi_timeseries\AAL\Outputs\cpac\nofilt_noglobal\rois_aal\UM_1_0050315_rois_aal.1D
50318,True,AAL,D:\FGDN_Project\data\raw\abide\roi_timeseries\AAL\Outputs\cpac\nofilt_noglobal\rois_aal\UM_1_0050318_rois_aal.1D
50319,True,AAL,D:\FGDN_Project\data\raw\abide\roi_timeseries\AAL\Outputs\cpac\nofilt_noglobal\rois_aal\UM_1_0050319_rois_aal.1D
50320,True,AAL,D:\FGDN_Project\data\raw\abide\roi_timeseries\AAL\Outputs\cpac\nofilt_noglobal\rois_aal\UM_1_0050320_rois_aal.1D
50321,True,AAL,D:\FGDN_Project\data\raw\abide\roi_timeseries\AAL\Outputs\cpac\nofilt_noglobal\rois_aal\UM_1_0050321_rois_aal.1D
50324,True,AAL,D:\FGDN_Project\data\raw\abide\roi_timeseries\AAL\Outputs\cpac\nofilt_noglobal\rois_aal\UM_1_0050324_rois_aal.1D
50325,True,AAL,D:\FGDN_Project\data\raw\abide\roi_timeseries\AAL\Outputs\cpac\nofilt_noglobal\rois_aal\UM_1_0050325_rois_aal.1D
50326,True,AAL,D:\FGDN_Project\data\raw\abide\roi_timeseries\AAL\Outputs\cpac\nofilt_noglobal\rois_aal\UM_1_0050326_rois_aal.1D
50327,True,AAL,D:\FGDN_Project\data\raw\abide\roi_timeseries\AAL\Outputs\cpac\nofilt_noglobal\rois_aal\UM_1_0050327_rois_aal.1D
50329,True,AAL,D:\FGDN_Project\data\raw\abide\roi_timeseries\AAL\Outputs\cpac\nofilt_noglobal\rois_aal\UM_1_0050329_rois_aal.1D
50330,True,AAL,D:\FGDN_Project\data\raw\abide\roi_timeseries\AAL\Outputs\cpac\nofilt_noglobal\rois_aal\UM_1_0050330_rois_aal.1D
50331,True,AAL,D:\FGDN_Project\data\raw\abide\roi_timeseries\AAL\Outputs\cpac\nofilt_noglobal\rois_aal\UM_1_0050331_rois_aal.1D
50332,True,AAL,D:\FGDN_Project\data\raw\abide\roi_timeseries\AAL\Outputs\cpac\nofilt_noglobal\rois_aal\UM_1_0050332_rois_aal.1D
50334,True,AAL,D:\FGDN_Project\data\raw\abide\roi_timeseries\AAL\Outputs\cpac\nofilt_noglobal\rois_aal\UM_1_0050334_rois_aal.1D
50335,True,AAL,D:\FGDN_Project\data\raw\abide\roi_timeseries\AAL\Outputs\cpac\nofilt_noglobal\rois_aal\UM_1_0050335_rois_aal.1D
50336,True,AAL,D:\FGDN_Project\data\raw\abide\roi_timeseries\AAL\Outputs\cpac\nofilt_noglobal\rois_aal\UM_1_0050336_rois_aal.1D
50337,True,AAL,D:\FGDN_Project\data\raw\abide\roi_timeseries\AAL\Outputs\cpac\nofilt_noglobal\rois_aal\UM_1_0050337_rois_aal.1D
50338,True,AAL,D:\FGDN_Project\data\raw\abide\roi_timeseries\AAL\Outputs\cpac\nofilt_noglobal\rois_aal\UM_1_0050338_rois_aal.1D
50339,True,AAL,D:\FGDN_Project\data\raw\abide\roi_timeseries\AAL\Outputs\cpac\nofilt_noglobal\rois_aal\UM_1_0050339_rois_aal.1D
50340,True,AAL,D:\FGDN_Project\data\raw\abide\roi_timeseries\AAL\Outputs\cpac\nofilt_noglobal\rois_aal\UM_1_0050340_rois_aal.1D
50341,True,AAL,D:\FGDN_Project\data\raw\abide\roi_timeseries\AAL\Outputs\cpac\nofilt_noglobal\rois_aal\UM_1_0050341_rois_aal.1D
50342,True,AAL,D:\FGDN_Project\data\raw\abide\roi_timeseries\AAL\Outputs\cpac\nofilt_noglobal\rois_aal\UM_1_0050342_rois_aal.1D
50343,True,AAL,D:\FGDN_Project\data\raw\abide\roi_timeseries\AAL\Outputs\cpac\nofilt_noglobal\rois_aal\UM_1_0050343_rois_aal.1D
50344,True,AAL,D:\FGDN_Project\data\raw\abide\roi_timeseries\AAL\Outputs\cpac\nofilt_noglobal\rois_aal\UM_1_0050344_rois_aal.1D
50345,True,AAL,D:\FGDN_Project\data\raw\abide\roi_timeseries\AAL\Outputs\cpac\nofilt_noglobal\rois_aal\UM_1_0050345_rois_aal.1D
50346,True,AAL,D:\FGDN_Project\data\raw\abide\roi_timeseries\AAL\Outputs\cpac\nofilt_noglobal\rois_aal\UM_1_0050346_rois_aal.1D
50347,True,AAL,D:\FGDN_Project\data\raw\abide\roi_timeseries\AAL\Outputs\cpac\nofilt_noglobal\rois_aal\UM_1_0050347_rois_aal.1D
50348,True,AAL,D:\FGDN_Project\data\raw\abide\roi_timeseries\AAL\Outputs\cpac\nofilt_noglobal\rois_aal\UM_1_0050348_rois_aal.1D
50349,True,AAL,D:\FGDN_Project\data\raw\abide\roi_timeseries\AAL\Outputs\cpac\nofilt_noglobal\rois_aal\UM_1_0050349_rois_aal.1D
50350,True,AAL,D:\FGDN_Project\data\raw\abide\roi_timeseries\AAL\Outputs\cpac\nofilt_noglobal\rois_aal\UM_1_0050350_rois_aal.1D
50351,True,AAL,D:\FGDN_Project\data\raw\abide\roi_timeseries\AAL\Outputs\cpac\nofilt_noglobal\rois_aal\UM_1_0050351_rois_aal.1D
50352,True,AAL,D:\FGDN_Project\data\raw\abide\roi_timeseries\AAL\Outputs\cpac\nofilt_noglobal\rois_aal\UM_1_0050352_rois_aal.1D
50353,True,AAL,D:\FGDN_Project\data\raw\abide\roi_timeseries\AAL\Outputs\cpac\nofilt_noglobal\rois_aal\UM_1_0050353_rois_aal.1D
50355,True,AAL,D:\FGDN_Project\data\raw\abide\roi_timeseries\AAL\Outputs\cpac\nofilt_noglobal\rois_aal\UM_1_0050355_rois_aal.1D
50356,True,AAL,D:\FGDN_Project\data\raw\abide\roi_timeseries\AAL\Outputs\cpac\nofilt_noglobal\rois_aal\UM_1_0050356_rois_aal.1D
50357,True,AAL,D:\FGDN_Project\data\raw\abide\roi_timeseries\AAL\Outputs\cpac\nofilt_noglobal\rois_aal\UM_1_0050357_rois_aal.1D
50358,True,AAL,D:\FGDN_Project\data\raw\abide\roi_timeseries\AAL\Outputs\cpac\nofilt_noglobal\rois_aal\UM_1_0050358_rois_aal.1D
50360,True,AAL,D:\FGDN_Project\data\raw\abide\roi_timeseries\AAL\Outputs\cpac\nofilt_noglobal\rois_aal\UM_1_0050360_rois_aal.1D
50361,True,AAL,D:\FGDN_Project\data\raw\abide\roi_timeseries\AAL\Outputs\cpac\nofilt_noglobal\rois_aal\UM_1_0050361_rois_aal.1D
50362,True,AAL,D:\FGDN_Project\data\raw\abide\roi_timeseries\AAL\Outputs\cpac\nofilt_noglobal\rois_aal\UM_1_0050362_rois_aal.1D
50363,True,AAL,D:\FGDN_Project\data\raw\abide\roi_timeseries\AAL\Outputs\cpac\nofilt_noglobal\rois_aal\UM_1_0050363_rois_aal.1D
50364,True,AAL,D:\FGDN_Project\data\raw\abide\roi_timeseries\AAL\Outputs\cpac\nofilt_noglobal\rois_aal\UM_1_0050364_rois_aal.1D
50365,True,AAL,D:\FGDN_Project\data\raw\abide\roi_timeseries\AAL\Outputs\cpac\nofilt_noglobal\rois_aal\UM_1_0050365_rois_aal.1D
50366,True,AAL,D:\FGDN_Project\data\raw\abide\roi_timeseries\AAL\Outputs\cpac\nofilt_noglobal\rois_aal\UM_1_0050366_rois_aal.1D
50367,True,AAL,D:\FGDN_Project\data\raw\abide\roi_timeseries\AAL\Outputs\cpac\nofilt_noglobal\rois_aal\UM_1_0050367_rois_aal.1D
50368,True,AAL,D:\FGDN_Project\data\raw\abide\roi_timeseries\AAL\Outputs\cpac\nofilt_noglobal\rois_aal\UM_1_0050368_rois_aal.1D
50369,True,AAL,D:\FGDN_Project\data\raw\abide\roi_timeseries\AAL\Outputs\cpac\nofilt_noglobal\rois_aal\UM_1_0050369_rois_aal.1D
50370,True,AAL,D:\FGDN_Project\data\raw\abide\roi_timeseries\AAL\Outputs\cpac\nofilt_noglobal\rois_aal\UM_1_0050370_rois_aal.1D
50372,True,AAL,D:\FGDN_Project\data\raw\abide\roi_timeseries\AAL\Outputs\cpac\nofilt_noglobal\rois_aal\UM_1_0050372_rois_aal.1D
50373,True,AAL,D:\FGDN_Project\data\raw\abide\roi_timeseries\AAL\Outputs\cpac\nofilt_noglobal\rois_aal\UM_1_0050373_rois_aal.1D
50374,True,AAL,D:\FGDN_Project\data\raw\abide\roi_timeseries\AAL\Outputs\cpac\nofilt_noglobal\rois_aal\UM_1_0050374_rois_aal.1D
50375,True,AAL,D:\FGDN_Project\data\raw\abide\roi_timeseries\AAL\Outputs\cpac\nofilt_noglobal\rois_aal\UM_1_0050375_rois_aal.1D
50377,True,AAL,D:\FGDN_Project\data\raw\abide\roi_timeseries\AAL\Outputs\cpac\nofilt_noglobal\rois_aal\UM_1_0050377_rois_aal.1D
50379,True,AAL,D:\FGDN_Project\data\raw\abide\roi_timeseries\AAL\Outputs\cpac\nofilt_noglobal\rois_aal\UM_1_0050379_rois_aal.1D
50382,True,AAL,D:\FGDN_Project\data\raw\abide\roi_timeseries\AAL\Outputs\cpac\nofilt_noglobal\rois_aal\UM_2_0050382_rois_aal.1D
50385,True,AAL,D:\FGDN_Project\data\raw\abide\roi_timeseries\AAL\Outputs\cpac\nofilt_noglobal\rois_aal\UM_2_0050385_rois_aal.1D
50386,True,AAL,D:\FGDN_Project\data\raw\abide\roi_timeseries\AAL\Outputs\cpac\nofilt_noglobal\rois_aal\UM_2_0050386_rois_aal.1D
50387,True,AAL,D:\FGDN_Project\data\raw\abide\roi_timeseries\AAL\Outputs\cpac\nofilt_noglobal\rois_aal\UM_2_0050387_rois_aal.1D
50388,True,AAL,D:\FGDN_Project\data\raw\abide\roi_timeseries\AAL\Outputs\cpac\nofilt_noglobal\rois_aal\UM_2_0050388_rois_aal.1D
50390,True,AAL,D:\FGDN_Project\data\raw\abide\roi_timeseries\AAL\Outputs\cpac\nofilt_noglobal\rois_aal\UM_2_0050390_rois_aal.1D
50391,True,AAL,D:\FGDN_Project\data\raw\abide\roi_timeseries\AAL\Outputs\cpac\nofilt_noglobal\rois_aal\UM_2_0050391_rois_aal.1D
50397,True,AAL,D:\FGDN_Project\data\raw\abide\roi_timeseries\AAL\Outputs\cpac\nofilt_noglobal\rois_aal\UM_2_0050397_rois_aal.1D
50399,True,AAL,D:\FGDN_Project\data\raw\abide\roi_timeseries\AAL\Outputs\cpac\nofilt_noglobal\rois_aal\UM_2_0050399_rois_aal.1D
50402,True,AAL,D:\FGDN_Project\data\raw\abide\roi_timeseries\AAL\Outputs\cpac\nofilt_noglobal\rois_aal\UM_2_0050402_rois_aal.1D
50404,True,AAL,D:\FGDN_Project\data\raw\abide\roi_timeseries\AAL\Outputs\cpac\nofilt_noglobal\rois_aal\UM_2_0050404_rois_aal.1D
50405,True,AAL,D:\FGDN_Project\data\raw\abide\roi_timeseries\AAL\Outputs\cpac\nofilt_noglobal\rois_aal\UM_2_0050405_rois_aal.1D
50406,True,AAL,D:\FGDN_Project\data\raw\abide\roi_timeseries\AAL\Outputs\cpac\nofilt_noglobal\rois_aal\UM_2_0050406_rois_aal.1D
50407,True,AAL,D:\FGDN_Project\data\raw\abide\roi_timeseries\AAL\Outputs\cpac\nofilt_noglobal\rois_aal\UM_2_0050407_rois_aal.1D
50408,True,AAL,D:\FGDN_Project\data\raw\abide\roi_timeseries\AAL\Outputs\cpac\nofilt_noglobal\rois_aal\UM_2_0050408_rois_aal.1D
50410,True,AAL,D:\FGDN_Project\data\raw\abide\roi_timeseries\AAL\Outputs\cpac\nofilt_noglobal\rois_aal\UM_2_0050410_rois_aal.1D
50411,True,AAL,D:\FGDN_Project\data\raw\abide\roi_timeseries\AAL\Outputs\cpac\nofilt_noglobal\rois_aal\UM_2_0050411_rois_aal.1D
50412,True,AAL,D:\FGDN_Project\data\raw\abide\roi_timeseries\AAL\Outputs\cpac\nofilt_noglobal\rois_aal\UM_2_0050412_rois_aal.1D
50413,True,AAL,D:\FGDN_Project\data\raw\abide\roi_timeseries\AAL\Outputs\cpac\nofilt_noglobal\rois_aal\UM_2_0050413_rois_aal.1D
50414,True,AAL,D:\FGDN_Project\data\raw\abide\roi_timeseries\AAL\Outputs\cpac\nofilt_noglobal\rois_aal\UM_2_0050414_rois_aal.1D
50415,True,AAL,D:\FGDN_Project\data\raw\abide\roi_timeseries\AAL\Outputs\cpac\nofilt_noglobal\rois_aal\UM_2_0050415_rois_aal.1D
50416,True,AAL,D:\FGDN_Project\data\raw\abide\roi_timeseries\AAL\Outputs\cpac\nofilt_noglobal\rois_aal\UM_2_0050416_rois_aal.1D
50417,True,AAL,D:\FGDN_Project\data\raw\abide\roi_timeseries\AAL\Outputs\cpac\nofilt_noglobal\rois_aal\UM_2_0050417_rois_aal.1D
50418,True,AAL,D:\FGDN_Project\data\raw\abide\roi_timeseries\AAL\Outputs\cpac\nofilt_noglobal\rois_aal\UM_2_0050418_rois_aal.1D
50419,True,AAL,D:\FGDN_Project\data\raw\abide\roi_timeseries\AAL\Outputs\cpac\nofilt_noglobal\rois_aal\UM_2_0050419_rois_aal.1D
50421,True,AAL,D:\FGDN_Project\data\raw\abide\roi_timeseries\AAL\Outputs\cpac\nofilt_noglobal\rois_aal\UM_2_0050421_rois_aal.1D
50424,True,AAL,D:\FGDN_Project\data\raw\abide\roi_timeseries\AAL\Outputs\cpac\nofilt_noglobal\rois_aal\UM_2_0050424_rois_aal.1D
50425,True,AAL,D:\FGDN_Project\data\raw\abide\roi_timeseries\AAL\Outputs\cpac\nofilt_noglobal\rois_aal\UM_2_0050425_rois_aal.1D
50426,True,AAL,D:\FGDN_Project\data\raw\abide\roi_timeseries\AAL\Outputs\cpac\nofilt_noglobal\rois_aal\UM_2_0050426_rois_aal.1D
50427,True,AAL,D:\FGDN_Project\data\raw\abide\roi_timeseries\AAL\Outputs\cpac\nofilt_noglobal\rois_aal\UM_2_0050427_rois_aal.1D
50428,True,AAL,D:\FGDN_Project\data\raw\abide\roi_timeseries\AAL\Outputs\cpac\nofilt_noglobal\rois_aal\UM_2_0050428_rois_aal.1D
50433,True,AAL,D:\FGDN_Project\data\raw\abide\roi_timeseries\AAL\Outputs\cpac\nofilt_noglobal\rois_aal\USM_0050433_rois_aal.1D
50434,True,AAL,D:\FGDN_Project\data\raw\abide\roi_timeseries\AAL\Outputs\cpac\nofilt_noglobal\rois_aal\USM_0050434_rois_aal.1D
50435,True,AAL,D:\FGDN_Project\data\raw\abide\roi_timeseries\AAL\Outputs\cpac\nofilt_noglobal\rois_aal\USM_0050435_rois_aal.1D
50436,True,AAL,D:\FGDN_Project\data\raw\abide\roi_timeseries\AAL\Outputs\cpac\nofilt_noglobal\rois_aal\USM_0050436_rois_aal.1D
50437,True,AAL,D:\FGDN_Project\data\raw\abide\roi_timeseries\AAL\Outputs\cpac\nofilt_noglobal\rois_aal\USM_0050437_rois_aal.1D
50438,True,AAL,D:\FGDN_Project\data\raw\abide\roi_timeseries\AAL\Outputs\cpac\nofilt_noglobal\rois_aal\USM_0050438_rois_aal.1D
50439,True,AAL,D:\FGDN_Project\data\raw\abide\roi_timeseries\AAL\Outputs\cpac\nofilt_noglobal\rois_aal\USM_0050439_rois_aal.1D
50440,True,AAL,D:\FGDN_Project\data\raw\abide\roi_timeseries\AAL\Outputs\cpac\nofilt_noglobal\rois_aal\USM_0050440_rois_aal.1D
50441,True,AAL,D:\FGDN_Project\data\raw\abide\roi_timeseries\AAL\Outputs\cpac\nofilt_noglobal\rois_aal\USM_0050441_rois_aal.1D
50442,True,AAL,D:\FGDN_Project\data\raw\abide\roi_timeseries\AAL\Outputs\cpac\nofilt_noglobal\rois_aal\USM_0050442_rois_aal.1D
50443,True,AAL,D:\FGDN_Project\data\raw\abide\roi_timeseries\AAL\Outputs\cpac\nofilt_noglobal\rois_aal\USM_0050443_rois_aal.1D
50444,True,AAL,D:\FGDN_Project\data\raw\abide\roi_timeseries\AAL\Outputs\cpac\nofilt_noglobal\rois_aal\USM_0050444_rois_aal.1D
50445,True,AAL,D:\FGDN_Project\data\raw\abide\roi_timeseries\AAL\Outputs\cpac\nofilt_noglobal\rois_aal\USM_0050445_rois_aal.1D
50446,True,AAL,D:\FGDN_Project\data\raw\abide\roi_timeseries\AAL\Outputs\cpac\nofilt_noglobal\rois_aal\USM_0050446_rois_aal.1D
50447,True,AAL,D:\FGDN_Project\data\raw\abide\roi_timeseries\AAL\Outputs\cpac\nofilt_noglobal\rois_aal\USM_0050447_rois_aal.1D
50448,True,AAL,D:\FGDN_Project\data\raw\abide\roi_timeseries\AAL\Outputs\cpac\nofilt_noglobal\rois_aal\USM_0050448_rois_aal.1D
50449,True,AAL,D:\FGDN_Project\data\raw\abide\roi_timeseries\AAL\Outputs\cpac\nofilt_noglobal\rois_aal\USM_0050449_rois_aal.1D
50455,True,AAL,D:\FGDN_Project\data\raw\abide\roi_timeseries\AAL\Outputs\cpac\nofilt_noglobal\rois_aal\USM_0050455_rois_aal.1D
50463,True,AAL,D:\FGDN_Project\data\raw\abide\roi_timeseries\AAL\Outputs\cpac\nofilt_noglobal\rois_aal\USM_0050463_rois_aal.1D
50466,True,AAL,D:\FGDN_Project\data\raw\abide\roi_timeseries\AAL\Outputs\cpac\nofilt_noglobal\rois_aal\USM_0050466_rois_aal.1D
50467,True,AAL,D:\FGDN_Project\data\raw\abide\roi_timeseries\AAL\Outputs\cpac\nofilt_noglobal\rois_aal\USM_0050467_rois_aal.1D
50468,True,AAL,D:\FGDN_Project\data\raw\abide\roi_timeseries\AAL\Outputs\cpac\nofilt_noglobal\rois_aal\USM_0050468_rois_aal.1D
50469,True,AAL,D:\FGDN_Project\data\raw\abide\roi_timeseries\AAL\Outputs\cpac\nofilt_noglobal\rois_aal\USM_0050469_rois_aal.1D
50477,True,AAL,D:\FGDN_Project\data\raw\abide\roi_timeseries\AAL\Outputs\cpac\nofilt_noglobal\rois_aal\USM_0050477_rois_aal.1D
50480,True,AAL,D:\FGDN_Project\data\raw\abide\roi_timeseries\AAL\Outputs\cpac\nofilt_noglobal\rois_aal\USM_0050480_rois_aal.1D
50482,True,AAL,D:\FGDN_Project\data\raw\abide\roi_timeseries\AAL\Outputs\cpac\nofilt_noglobal\rois_aal\USM_0050482_rois_aal.1D
50483,True,AAL,D:\FGDN_Project\data\raw\abide\roi_timeseries\AAL\Outputs\cpac\nofilt_noglobal\rois_aal\USM_0050483_rois_aal.1D
50485,True,AAL,D:\FGDN_Project\data\raw\abide\roi_timeseries\AAL\Outputs\cpac\nofilt_noglobal\rois_aal\USM_0050485_rois_aal.1D
50486,True,AAL,D:\FGDN_Project\data\raw\abide\roi_timeseries\AAL\Outputs\cpac\nofilt_noglobal\rois_aal\USM_0050486_rois_aal.1D
50487,True,AAL,D:\FGDN_Project\data\raw\abide\roi_timeseries\AAL\Outputs\cpac\nofilt_noglobal\rois_aal\USM_0050487_rois_aal.1D
50488,True,AAL,D:\FGDN_Project\data\raw\abide\roi_timeseries\AAL\Outputs\cpac\nofilt_noglobal\rois_aal\USM_0050488_rois_aal.1D
50490,True,AAL,D:\FGDN_Project\data\raw\abide\roi_timeseries\AAL\Outputs\cpac\nofilt_noglobal\rois_aal\USM_0050490_rois_aal.1D
50491,True,AAL,D:\FGDN_Project\data\raw\abide\roi_timeseries\AAL\Outputs\cpac\nofilt_noglobal\rois_aal\USM_0050491_rois_aal.1D
50492,True,AAL,D:\FGDN_Project\data\raw\abide\roi_timeseries\AAL\Outputs\cpac\nofilt_noglobal\rois_aal\USM_0050492_rois_aal.1D
50493,True,AAL,D:\FGDN_Project\data\raw\abide\roi_timeseries\AAL\Outputs\cpac\nofilt_noglobal\rois_aal\USM_0050493_rois_aal.1D
50494,True,AAL,D:\FGDN_Project\data\raw\abide\roi_timeseries\AAL\Outputs\cpac\nofilt_noglobal\rois_aal\USM_0050494_rois_aal.1D
50496,True,AAL,D:\FGDN_Project\data\raw\abide\roi_timeseries\AAL\Outputs\cpac\nofilt_noglobal\rois_aal\USM_0050496_rois_aal.1D
50497,True,AAL,D:\FGDN_Project\data\raw\abide\roi_timeseries\AAL\Outputs\cpac\nofilt_noglobal\rois_aal\USM_0050497_rois_aal.1D
50498,True,AAL,D:\FGDN_Project\data\raw\abide\roi_timeseries\AAL\Outputs\cpac\nofilt_noglobal\rois_aal\USM_0050498_rois_aal.1D
50499,True,AAL,D:\FGDN_Project\data\raw\abide\roi_timeseries\AAL\Outputs\cpac\nofilt_noglobal\rois_aal\USM_0050499_rois_aal.1D
50500,True,AAL,D:\FGDN_Project\data\raw\abide\roi_timeseries\AAL\Outputs\cpac\nofilt_noglobal\rois_aal\USM_0050500_rois_aal.1D
50502,True,AAL,D:\FGDN_Project\data\raw\abide\roi_timeseries\AAL\Outputs\cpac\nofilt_noglobal\rois_aal\USM_0050502_rois_aal.1D
50503,True,AAL,D:\FGDN_Project\data\raw\abide\roi_timeseries\AAL\Outputs\cpac\nofilt_noglobal\rois_aal\USM_0050503_rois_aal.1D
50504,True,AAL,D:\FGDN_Project\data\raw\abide\roi_timeseries\AAL\Outputs\cpac\nofilt_noglobal\rois_aal\USM_0050504_rois_aal.1D
50505,True,AAL,D:\FGDN_Project\data\raw\abide\roi_timeseries\AAL\Outputs\cpac\nofilt_noglobal\rois_aal\USM_0050505_rois_aal.1D
50507,True,AAL,D:\FGDN_Project\data\raw\abide\roi_timeseries\AAL\Outputs\cpac\nofilt_noglobal\rois_aal\USM_0050507_rois_aal.1D
50514,True,AAL,D:\FGDN_Project\data\raw\abide\roi_timeseries\AAL\Outputs\cpac\nofilt_noglobal\rois_aal\USM_0050514_rois_aal.1D
50515,True,AAL,D:\FGDN_Project\data\raw\abide\roi_timeseries\AAL\Outputs\cpac\nofilt_noglobal\rois_aal\USM_0050515_rois_aal.1D
50516,True,AAL,D:\FGDN_Project\data\raw\abide\roi_timeseries\AAL\Outputs\cpac\nofilt_noglobal\rois_aal\USM_0050516_rois_aal.1D
50518,True,AAL,D:\FGDN_Project\data\raw\abide\roi_timeseries\AAL\Outputs\cpac\nofilt_noglobal\rois_aal\USM_0050518_rois_aal.1D
50519,True,AAL,D:\FGDN_Project\data\raw\abide\roi_timeseries\AAL\Outputs\cpac\nofilt_noglobal\rois_aal\USM_0050519_rois_aal.1D
50520,True,AAL,D:\FGDN_Project\data\raw\abide\roi_timeseries\AAL\Outputs\cpac\nofilt_noglobal\rois_aal\USM_0050520_rois_aal.1D
50521,True,AAL,D:\FGDN_Project\data\raw\abide\roi_timeseries\AAL\Outputs\cpac\nofilt_noglobal\rois_aal\USM_0050521_rois_aal.1D
50524,True,AAL,D:\FGDN_Project\data\raw\abide\roi_timeseries\AAL\Outputs\cpac\nofilt_noglobal\rois_aal\USM_0050524_rois_aal.1D
50525,True,AAL,D:\FGDN_Project\data\raw\abide\roi_timeseries\AAL\Outputs\cpac\nofilt_noglobal\rois_aal\USM_0050525_rois_aal.1D
50526,True,AAL,D:\FGDN_Project\data\raw\abide\roi_timeseries\AAL\Outputs\cpac\nofilt_noglobal\rois_aal\USM_0050526_rois_aal.1D
50527,True,AAL,D:\FGDN_Project\data\raw\abide\roi_timeseries\AAL\Outputs\cpac\nofilt_noglobal\rois_aal\USM_0050527_rois_aal.1D
50528,True,AAL,D:\FGDN_Project\data\raw\abide\roi_timeseries\AAL\Outputs\cpac\nofilt_noglobal\rois_aal\USM_0050528_rois_aal.1D
50529,True,AAL,D:\FGDN_Project\data\raw\abide\roi_timeseries\AAL\Outputs\cpac\nofilt_noglobal\rois_aal\USM_0050529_rois_aal.1D
50530,True,AAL,D:\FGDN_Project\data\raw\abide\roi_timeseries\AAL\Outputs\cpac\nofilt_noglobal\rois_aal\USM_0050530_rois_aal.1D
50532,True,AAL,D:\FGDN_Project\data\raw\abide\roi_timeseries\AAL\Outputs\cpac\nofilt_noglobal\rois_aal\USM_0050532_rois_aal.1D
50551,True,AAL,D:\FGDN_Project\data\raw\abide\roi_timeseries\AAL\Outputs\cpac\nofilt_noglobal\rois_aal\Yale_0050551_rois_aal.1D
50552,True,AAL,D:\FGDN_Project\data\raw\abide\roi_timeseries\AAL\Outputs\cpac\nofilt_noglobal\rois_aal\Yale_0050552_rois_aal.1D
50553,True,AAL,D:\FGDN_Project\data\raw\abide\roi_timeseries\AAL\Outputs\cpac\nofilt_noglobal\rois_aal\Yale_0050553_rois_aal.1D
50554,True,AAL,D:\FGDN_Project\data\raw\abide\roi_timeseries\AAL\Outputs\cpac\nofilt_noglobal\rois_aal\Yale_0050554_rois_aal.1D
50555,True,AAL,D:\FGDN_Project\data\raw\abide\roi_timeseries\AAL\Outputs\cpac\nofilt_noglobal\rois_aal\Yale_0050555_rois_aal.1D
50556,True,AAL,D:\FGDN_Project\data\raw\abide\roi_timeseries\AAL\Outputs\cpac\nofilt_noglobal\rois_aal\Yale_0050556_rois_aal.1D
50557,True,AAL,D:\FGDN_Project\data\raw\abide\roi_timeseries\AAL\Outputs\cpac\nofilt_noglobal\rois_aal\Yale_0050557_rois_aal.1D
50558,True,AAL,D:\FGDN_Project\data\raw\abide\roi_timeseries\AAL\Outputs\cpac\nofilt_noglobal\rois_aal\Yale_0050558_rois_aal.1D
50559,True,AAL,D:\FGDN_Project\data\raw\abide\roi_timeseries\AAL\Outputs\cpac\nofilt_noglobal\rois_aal\Yale_0050559_rois_aal.1D
50560,True,AAL,D:\FGDN_Project\data\raw\abide\roi_timeseries\AAL\Outputs\cpac\nofilt_noglobal\rois_aal\Yale_0050560_rois_aal.1D
50561,True,AAL,D:\FGDN_Project\data\raw\abide\roi_timeseries\AAL\Outputs\cpac\nofilt_noglobal\rois_aal\Yale_0050561_rois_aal.1D
50562,True,AAL,D:\FGDN_Project\data\raw\abide\roi_timeseries\AAL\Outputs\cpac\nofilt_noglobal\rois_aal\Yale_0050562_rois_aal.1D
50563,True,AAL,D:\FGDN_Project\data\raw\abide\roi_timeseries\AAL\Outputs\cpac\nofilt_noglobal\rois_aal\Yale_0050563_rois_aal.1D
50564,True,AAL,D:\FGDN_Project\data\raw\abide\roi_timeseries\AAL\Outputs\cpac\nofilt_noglobal\rois_aal\Yale_0050564_rois_aal.1D
50566,True,AAL,D:\FGDN_Project\data\raw\abide\roi_timeseries\AAL\Outputs\cpac\nofilt_noglobal\rois_aal\Yale_0050566_rois_aal.1D
50567,True,AAL,D:\FGDN_Project\data\raw\abide\roi_timeseries\AAL\Outputs\cpac\nofilt_noglobal\rois_aal\Yale_0050567_rois_aal.1D
50568,True,AAL,D:\FGDN_Project\data\raw\abide\roi_timeseries\AAL\Outputs\cpac\nofilt_noglobal\rois_aal\Yale_0050568_rois_aal.1D
50569,True,AAL,D:\FGDN_Project\data\raw\abide\roi_timeseries\AAL\Outputs\cpac\nofilt_noglobal\rois_aal\Yale_0050569_rois_aal.1D
50570,True,AAL,D:\FGDN_Project\data\raw\abide\roi_timeseries\AAL\Outputs\cpac\nofilt_noglobal\rois_aal\Yale_0050570_rois_aal.1D
50571,True,AAL,D:\FGDN_Project\data\raw\abide\roi_timeseries\AAL\Outputs\cpac\nofilt_noglobal\rois_aal\Yale_0050571_rois_aal.1D
50572,True,AAL,D:\FGDN_Project\data\raw\abide\roi_timeseries\AAL\Outputs\cpac\nofilt_noglobal\rois_aal\Yale_0050572_rois_aal.1D
50573,True,AAL,D:\FGDN_Project\data\raw\abide\roi_timeseries\AAL\Outputs\cpac\nofilt_noglobal\rois_aal\Yale_0050573_rois_aal.1D
50574,True,AAL,D:\FGDN_Project\data\raw\abide\roi_timeseries\AAL\Outputs\cpac\nofilt_noglobal\rois_aal\Yale_0050574_rois_aal.1D
50575,True,AAL,D:\FGDN_Project\data\raw\abide\roi_timeseries\AAL\Outputs\cpac\nofilt_noglobal\rois_aal\Yale_0050575_rois_aal.1D
50576,True,AAL,D:\FGDN_Project\data\raw\abide\roi_timeseries\AAL\Outputs\cpac\nofilt_noglobal\rois_aal\Yale_0050576_rois_aal.1D
50577,True,AAL,D:\FGDN_Project\data\raw\abide\roi_timeseries\AAL\Outputs\cpac\nofilt_noglobal\rois_aal\Yale_0050577_rois_aal.1D
50601,True,AAL,D:\FGDN_Project\data\raw\abide\roi_timeseries\AAL\Outputs\cpac\nofilt_noglobal\rois_aal\Yale_0050601_rois_aal.1D
50603,True,AAL,D:\FGDN_Project\data\raw\abide\roi_timeseries\AAL\Outputs\cpac\nofilt_noglobal\rois_aal\Yale_0050603_rois_aal.1D
50604,True,AAL,D:\FGDN_Project\data\raw\abide\roi_timeseries\AAL\Outputs\cpac\nofilt_noglobal\rois_aal\Yale_0050604_rois_aal.1D
50605,True,AAL,D:\FGDN_Project\data\raw\abide\roi_timeseries\AAL\Outputs\cpac\nofilt_noglobal\rois_aal\Yale_0050605_rois_aal.1D
50606,True,AAL,D:\FGDN_Project\data\raw\abide\roi_timeseries\AAL\Outputs\cpac\nofilt_noglobal\rois_aal\Yale_0050606_rois_aal.1D
50607,True,AAL,D:\FGDN_Project\data\raw\abide\roi_timeseries\AAL\Outputs\cpac\nofilt_noglobal\rois_aal\Yale_0050607_rois_aal.1D
50609,True,AAL,D:\FGDN_Project\data\raw\abide\roi_timeseries\AAL\Outputs\cpac\nofilt_noglobal\rois_aal\Yale_0050609_rois_aal.1D
50611,True,AAL,D:\FGDN_Project\data\raw\abide\roi_timeseries\AAL\Outputs\cpac\nofilt_noglobal\rois_aal\Yale_0050611_rois_aal.1D
50612,True,AAL,D:\FGDN_Project\data\raw\abide\roi_timeseries\AAL\Outputs\cpac\nofilt_noglobal\rois_aal\Yale_0050612_rois_aal.1D
50613,True,AAL,D:\FGDN_Project\data\raw\abide\roi_timeseries\AAL\Outputs\cpac\nofilt_noglobal\rois_aal\Yale_0050613_rois_aal.1D
50614,True,AAL,D:\FGDN_Project\data\raw\abide\roi_timeseries\AAL\Outputs\cpac\nofilt_noglobal\rois_aal\Yale_0050614_rois_aal.1D
50616,True,AAL,D:\FGDN_Project\data\raw\abide\roi_timeseries\AAL\Outputs\cpac\nofilt_noglobal\rois_aal\Yale_0050616_rois_aal.1D
50617,True,AAL,D:\FGDN_Project\data\raw\abide\roi_timeseries\AAL\Outputs\cpac\nofilt_noglobal\rois_aal\Yale_0050617_rois_aal.1D
50619,True,AAL,D:\FGDN_Project\data\raw\abide\roi_timeseries\AAL\Outputs\cpac\nofilt_noglobal\rois_aal\Yale_0050619_rois_aal.1D
50620,True,AAL,D:\FGDN_Project\data\raw\abide\roi_timeseries\AAL\Outputs\cpac\nofilt_noglobal\rois_aal\Yale_0050620_rois_aal.1D
50621,True,AAL,D:\FGDN_Project\data\raw\abide\roi_timeseries\AAL\Outputs\cpac\nofilt_noglobal\rois_aal\Yale_0050621_rois_aal.1D
50623,True,AAL,D:\FGDN_Project\data\raw\abide\roi_timeseries\AAL\Outputs\cpac\nofilt_noglobal\rois_aal\Yale_0050623_rois_aal.1D
50624,True,AAL,D:\FGDN_Project\data\raw\abide\roi_timeseries\AAL\Outputs\cpac\nofilt_noglobal\rois_aal\Yale_0050624_rois_aal.1D
50625,True,AAL,D:\FGDN_Project\data\raw\abide\roi_timeseries\AAL\Outputs\cpac\nofilt_noglobal\rois_aal\Yale_0050625_rois_aal.1D
50626,True,AAL,D:\FGDN_Project\data\raw\abide\roi_timeseries\AAL\Outputs\cpac\nofilt_noglobal\rois_aal\Yale_0050626_rois_aal.1D
50627,True,AAL,D:\FGDN_Project\data\raw\abide\roi_timeseries\AAL\Outputs\cpac\nofilt_noglobal\rois_aal\Yale_0050627_rois_aal.1D
50628,True,AAL,D:\FGDN_Project\data\raw\abide\roi_timeseries\AAL\Outputs\cpac\nofilt_noglobal\rois_aal\Yale_0050628_rois_aal.1D
50649,True,AAL,D:\FGDN_Project\data\raw\abide\roi_timeseries\AAL\Outputs\cpac\nofilt_noglobal\rois_aal\CMU_a_0050649_rois_aal.1D
50651,True,AAL,D:\FGDN_Project\data\raw\abide\roi_timeseries\AAL\Outputs\cpac\nofilt_noglobal\rois_aal\CMU_b_0050651_rois_aal.1D
50653,True,AAL,D:\FGDN_Project\data\raw\abide\roi_timeseries\AAL\Outputs\cpac\nofilt_noglobal\rois_aal\CMU_a_0050653_rois_aal.1D
50657,True,AAL,D:\FGDN_Project\data\raw\abide\roi_timeseries\AAL\Outputs\cpac\nofilt_noglobal\rois_aal\CMU_b_0050657_rois_aal.1D
50669,True,AAL,D:\FGDN_Project\data\raw\abide\roi_timeseries\AAL\Outputs\cpac\nofilt_noglobal\rois_aal\CMU_b_0050669_rois_aal.1D
50682,True,AAL,D:\FGDN_Project\data\raw\abide\roi_timeseries\AAL\Outputs\cpac\nofilt_noglobal\rois_aal\Leuven_1_0050682_rois_aal.1D
50683,True,AAL,D:\FGDN_Project\data\raw\abide\roi_timeseries\AAL\Outputs\cpac\nofilt_noglobal\rois_aal\Leuven_1_0050683_rois_aal.1D
50685,True,AAL,D:\FGDN_Project\data\raw\abide\roi_timeseries\AAL\Outputs\cpac\nofilt_noglobal\rois_aal\Leuven_1_0050685_rois_aal.1D
50686,True,AAL,D:\FGDN_Project\data\raw\abide\roi_timeseries\AAL\Outputs\cpac\nofilt_noglobal\rois_aal\Leuven_1_0050686_rois_aal.1D
50687,True,AAL,D:\FGDN_Project\data\raw\abide\roi_timeseries\AAL\Outputs\cpac\nofilt_noglobal\rois_aal\Leuven_1_0050687_rois_aal.1D
50688,True,AAL,D:\FGDN_Project\data\raw\abide\roi_timeseries\AAL\Outputs\cpac\nofilt_noglobal\rois_aal\Leuven_1_0050688_rois_aal.1D
50689,True,AAL,D:\FGDN_Project\data\raw\abide\roi_timeseries\AAL\Outputs\cpac\nofilt_noglobal\rois_aal\Leuven_1_0050689_rois_aal.1D
50690,True,AAL,D:\FGDN_Project\data\raw\abide\roi_timeseries\AAL\Outputs\cpac\nofilt_noglobal\rois_aal\Leuven_1_0050690_rois_aal.1D
50691,True,AAL,D:\FGDN_Project\data\raw\abide\roi_timeseries\AAL\Outputs\cpac\nofilt_noglobal\rois_aal\Leuven_1_0050691_rois_aal.1D
50692,True,AAL,D:\FGDN_Project\data\raw\abide\roi_timeseries\AAL\Outputs\cpac\nofilt_noglobal\rois_aal\Leuven_1_0050692_rois_aal.1D
50693,True,AAL,D:\FGDN_Project\data\raw\abide\roi_timeseries\AAL\Outputs\cpac\nofilt_noglobal\rois_aal\Leuven_1_0050693_rois_aal.1D
50694,True,AAL,D:\FGDN_Project\data\raw\abide\roi_timeseries\AAL\Outputs\cpac\nofilt_noglobal\rois_aal\Leuven_1_0050694_rois_aal.1D
50695,True,AAL,D:\FGDN_Project\data\raw\abide\roi_timeseries\AAL\Outputs\cpac\nofilt_noglobal\rois_aal\Leuven_1_0050695_rois_aal.1D
50696,True,AAL,D:\FGDN_Project\data\raw\abide\roi_timeseries\AAL\Outputs\cpac\nofilt_noglobal\rois_aal\Leuven_1_0050696_rois_aal.1D
50697,True,AAL,D:\FGDN_Project\data\raw\abide\roi_timeseries\AAL\Outputs\cpac\nofilt_noglobal\rois_aal\Leuven_1_0050697_rois_aal.1D
50698,True,AAL,D:\FGDN_Project\data\raw\abide\roi_timeseries\AAL\Outputs\cpac\nofilt_noglobal\rois_aal\Leuven_1_0050698_rois_aal.1D
50699,True,AAL,D:\FGDN_Project\data\raw\abide\roi_timeseries\AAL\Outputs\cpac\nofilt_noglobal\rois_aal\Leuven_1_0050699_rois_aal.1D
50700,True,AAL,D:\FGDN_Project\data\raw\abide\roi_timeseries\AAL\Outputs\cpac\nofilt_noglobal\rois_aal\Leuven_1_0050700_rois_aal.1D
50701,True,AAL,D:\FGDN_Project\data\raw\abide\roi_timeseries\AAL\Outputs\cpac\nofilt_noglobal\rois_aal\Leuven_1_0050701_rois_aal.1D
50702,True,AAL,D:\FGDN_Project\data\raw\abide\roi_timeseries\AAL\Outputs\cpac\nofilt_noglobal\rois_aal\Leuven_1_0050702_rois_aal.1D
50703,True,AAL,D:\FGDN_Project\data\raw\abide\roi_timeseries\AAL\Outputs\cpac\nofilt_noglobal\rois_aal\Leuven_1_0050703_rois_aal.1D
50704,True,AAL,D:\FGDN_Project\data\raw\abide\roi_timeseries\AAL\Outputs\cpac\nofilt_noglobal\rois_aal\Leuven_1_0050704_rois_aal.1D
50705,True,AAL,D:\FGDN_Project\data\raw\abide\roi_timeseries\AAL\Outputs\cpac\nofilt_noglobal\rois_aal\Leuven_1_0050705_rois_aal.1D
50706,True,AAL,D:\FGDN_Project\data\raw\abide\roi_timeseries\AAL\Outputs\cpac\nofilt_noglobal\rois_aal\Leuven_1_0050706_rois_aal.1D
50707,True,AAL,D:\FGDN_Project\data\raw\abide\roi_timeseries\AAL\Outputs\cpac\nofilt_noglobal\rois_aal\Leuven_1_0050707_rois_aal.1D
50708,True,AAL,D:\FGDN_Project\data\raw\abide\roi_timeseries\AAL\Outputs\cpac\nofilt_noglobal\rois_aal\Leuven_1_0050708_rois_aal.1D
50709,True,AAL,D:\FGDN_Project\data\raw\abide\roi_timeseries\AAL\Outputs\cpac\nofilt_noglobal\rois_aal\Leuven_1_0050709_rois_aal.1D
50710,True,AAL,D:\FGDN_Project\data\raw\abide\roi_timeseries\AAL\Outputs\cpac\nofilt_noglobal\rois_aal\Leuven_1_0050710_rois_aal.1D
50711,True,AAL,D:\FGDN_Project\data\raw\abide\roi_timeseries\AAL\Outputs\cpac\nofilt_noglobal\rois_aal\Leuven_1_0050711_rois_aal.1D
50722,True,AAL,D:\FGDN_Project\data\raw\abide\roi_timeseries\AAL\Outputs\cpac\nofilt_noglobal\rois_aal\Leuven_2_0050722_rois_aal.1D
50723,True,AAL,D:\FGDN_Project\data\raw\abide\roi_timeseries\AAL\Outputs\cpac\nofilt_noglobal\rois_aal\Leuven_2_0050723_rois_aal.1D
50724,True,AAL,D:\FGDN_Project\data\raw\abide\roi_timeseries\AAL\Outputs\cpac\nofilt_noglobal\rois_aal\Leuven_2_0050724_rois_aal.1D
50725,True,AAL,D:\FGDN_Project\data\raw\abide\roi_timeseries\AAL\Outputs\cpac\nofilt_noglobal\rois_aal\Leuven_2_0050725_rois_aal.1D
50726,True,AAL,D:\FGDN_Project\data\raw\abide\roi_timeseries\AAL\Outputs\cpac\nofilt_noglobal\rois_aal\Leuven_2_0050726_rois_aal.1D
50727,True,AAL,D:\FGDN_Project\data\raw\abide\roi_timeseries\AAL\Outputs\cpac\nofilt_noglobal\rois_aal\Leuven_2_0050727_rois_aal.1D
50728,True,AAL,D:\FGDN_Project\data\raw\abide\roi_timeseries\AAL\Outputs\cpac\nofilt_noglobal\rois_aal\Leuven_2_0050728_rois_aal.1D
50730,True,AAL,D:\FGDN_Project\data\raw\abide\roi_timeseries\AAL\Outputs\cpac\nofilt_noglobal\rois_aal\Leuven_2_0050730_rois_aal.1D
50731,True,AAL,D:\FGDN_Project\data\raw\abide\roi_timeseries\AAL\Outputs\cpac\nofilt_noglobal\rois_aal\Leuven_2_0050731_rois_aal.1D
50732,True,AAL,D:\FGDN_Project\data\raw\abide\roi_timeseries\AAL\Outputs\cpac\nofilt_noglobal\rois_aal\Leuven_2_0050732_rois_aal.1D
50733,True,AAL,D:\FGDN_Project\data\raw\abide\roi_timeseries\AAL\Outputs\cpac\nofilt_noglobal\rois_aal\Leuven_2_0050733_rois_aal.1D
50735,True,AAL,D:\FGDN_Project\data\raw\abide\roi_timeseries\AAL\Outputs\cpac\nofilt_noglobal\rois_aal\Leuven_2_0050735_rois_aal.1D
50736,True,AAL,D:\FGDN_Project\data\raw\abide\roi_timeseries\AAL\Outputs\cpac\nofilt_noglobal\rois_aal\Leuven_2_0050736_rois_aal.1D
50737,True,AAL,D:\FGDN_Project\data\raw\abide\roi_timeseries\AAL\Outputs\cpac\nofilt_noglobal\rois_aal\Leuven_2_0050737_rois_aal.1D
50738,True,AAL,D:\FGDN_Project\data\raw\abide\roi_timeseries\AAL\Outputs\cpac\nofilt_noglobal\rois_aal\Leuven_2_0050738_rois_aal.1D
50739,True,AAL,D:\FGDN_Project\data\raw\abide\roi_timeseries\AAL\Outputs\cpac\nofilt_noglobal\rois_aal\Leuven_2_0050739_rois_aal.1D
50740,True,AAL,D:\FGDN_Project\data\raw\abide\roi_timeseries\AAL\Outputs\cpac\nofilt_noglobal\rois_aal\Leuven_2_0050740_rois_aal.1D
50741,True,AAL,D:\FGDN_Project\data\raw\abide\roi_timeseries\AAL\Outputs\cpac\nofilt_noglobal\rois_aal\Leuven_2_0050741_rois_aal.1D
50742,True,AAL,D:\FGDN_Project\data\raw\abide\roi_timeseries\AAL\Outputs\cpac\nofilt_noglobal\rois_aal\Leuven_2_0050742_rois_aal.1D
50743,True,AAL,D:\FGDN_Project\data\raw\abide\roi_timeseries\AAL\Outputs\cpac\nofilt_noglobal\rois_aal\Leuven_2_0050743_rois_aal.1D
50745,True,AAL,D:\FGDN_Project\data\raw\abide\roi_timeseries\AAL\Outputs\cpac\nofilt_noglobal\rois_aal\Leuven_2_0050745_rois_aal.1D
50746,True,AAL,D:\FGDN_Project\data\raw\abide\roi_timeseries\AAL\Outputs\cpac\nofilt_noglobal\rois_aal\Leuven_2_0050746_rois_aal.1D
50747,True,AAL,D:\FGDN_Project\data\raw\abide\roi_timeseries\AAL\Outputs\cpac\nofilt_noglobal\rois_aal\Leuven_2_0050747_rois_aal.1D
50748,True,AAL,D:\FGDN_Project\data\raw\abide\roi_timeseries\AAL\Outputs\cpac\nofilt_noglobal\rois_aal\Leuven_2_0050748_rois_aal.1D
50749,True,AAL,D:\FGDN_Project\data\raw\abide\roi_timeseries\AAL\Outputs\cpac\nofilt_noglobal\rois_aal\Leuven_2_0050749_rois_aal.1D
50751,True,AAL,D:\FGDN_Project\data\raw\abide\roi_timeseries\AAL\Outputs\cpac\nofilt_noglobal\rois_aal\Leuven_2_0050751_rois_aal.1D
50752,True,AAL,D:\FGDN_Project\data\raw\abide\roi_timeseries\AAL\Outputs\cpac\nofilt_noglobal\rois_aal\Leuven_2_0050752_rois_aal.1D
50753,True,AAL,D:\FGDN_Project\data\raw\abide\roi_timeseries\AAL\Outputs\cpac\nofilt_noglobal\rois_aal\Leuven_2_0050753_rois_aal.1D
50754,True,AAL,D:\FGDN_Project\data\raw\abide\roi_timeseries\AAL\Outputs\cpac\nofilt_noglobal\rois_aal\Leuven_2_0050754_rois_aal.1D
50755,True,AAL,D:\FGDN_Project\data\raw\abide\roi_timeseries\AAL\Outputs\cpac\nofilt_noglobal\rois_aal\Leuven_2_0050755_rois_aal.1D
50756,True,AAL,D:\FGDN_Project\data\raw\abide\roi_timeseries\AAL\Outputs\cpac\nofilt_noglobal\rois_aal\Leuven_2_0050756_rois_aal.1D
50757,True,AAL,D:\FGDN_Project\data\raw\abide\roi_timeseries\AAL\Outputs\cpac\nofilt_noglobal\rois_aal\Leuven_2_0050757_rois_aal.1D
50772,True,AAL,D:\FGDN_Project\data\raw\abide\roi_timeseries\AAL\Outputs\cpac\nofilt_noglobal\rois_aal\KKI_0050772_rois_aal.1D
50773,True,AAL,D:\FGDN_Project\data\raw\abide\roi_timeseries\AAL\Outputs\cpac\nofilt_noglobal\rois_aal\KKI_0050773_rois_aal.1D
50774,True,AAL,D:\FGDN_Project\data\raw\abide\roi_timeseries\AAL\Outputs\cpac\nofilt_noglobal\rois_aal\KKI_0050774_rois_aal.1D
50775,True,AAL,D:\FGDN_Project\data\raw\abide\roi_timeseries\AAL\Outputs\cpac\nofilt_noglobal\rois_aal\KKI_0050775_rois_aal.1D
50776,True,AAL,D:\FGDN_Project\data\raw\abide\roi_timeseries\AAL\Outputs\cpac\nofilt_noglobal\rois_aal\KKI_0050776_rois_aal.1D
50777,True,AAL,D:\FGDN_Project\data\raw\abide\roi_timeseries\AAL\Outputs\cpac\nofilt_noglobal\rois_aal\KKI_0050777_rois_aal.1D
50778,True,AAL,D:\FGDN_Project\data\raw\abide\roi_timeseries\AAL\Outputs\cpac\nofilt_noglobal\rois_aal\KKI_0050778_rois_aal.1D
50779,True,AAL,D:\FGDN_Project\data\raw\abide\roi_timeseries\AAL\Outputs\cpac\nofilt_noglobal\rois_aal\KKI_0050779_rois_aal.1D
50780,True,AAL,D:\FGDN_Project\data\raw\abide\roi_timeseries\AAL\Outputs\cpac\nofilt_noglobal\rois_aal\KKI_0050780_rois_aal.1D
50781,True,AAL,D:\FGDN_Project\data\raw\abide\roi_timeseries\AAL\Outputs\cpac\nofilt_noglobal\rois_aal\KKI_0050781_rois_aal.1D
50782,True,AAL,D:\FGDN_Project\data\raw\abide\roi_timeseries\AAL\Outputs\cpac\nofilt_noglobal\rois_aal\KKI_0050782_rois_aal.1D
50783,True,AAL,D:\FGDN_Project\data\raw\abide\roi_timeseries\AAL\Outputs\cpac\nofilt_noglobal\rois_aal\KKI_0050783_rois_aal.1D
50785,True,AAL,D:\FGDN_Project\data\raw\abide\roi_timeseries\AAL\Outputs\cpac\nofilt_noglobal\rois_aal\KKI_0050785_rois_aal.1D
50786,True,AAL,D:\FGDN_Project\data\raw\abide\roi_timeseries\AAL\Outputs\cpac\nofilt_noglobal\rois_aal\KKI_0050786_rois_aal.1D
50787,True,AAL,D:\FGDN_Project\data\raw\abide\roi_timeseries\AAL\Outputs\cpac\nofilt_noglobal\rois_aal\KKI_0050787_rois_aal.1D
50788,True,AAL,D:\FGDN_Project\data\raw\abide\roi_timeseries\AAL\Outputs\cpac\nofilt_noglobal\rois_aal\KKI_0050788_rois_aal.1D
50789,True,AAL,D:\FGDN_Project\data\raw\abide\roi_timeseries\AAL\Outputs\cpac\nofilt_noglobal\rois_aal\KKI_0050789_rois_aal.1D
50790,True,AAL,D:\FGDN_Project\data\raw\abide\roi_timeseries\AAL\Outputs\cpac\nofilt_noglobal\rois_aal\KKI_0050790_rois_aal.1D
50791,True,AAL,D:\FGDN_Project\data\raw\abide\roi_timeseries\AAL\Outputs\cpac\nofilt_noglobal\rois_aal\KKI_0050791_rois_aal.1D
50792,True,AAL,D:\FGDN_Project\data\raw\abide\roi_timeseries\AAL\Outputs\cpac\nofilt_noglobal\rois_aal\KKI_0050792_rois_aal.1D
50795,True,AAL,D:\FGDN_Project\data\raw\abide\roi_timeseries\AAL\Outputs\cpac\nofilt_noglobal\rois_aal\KKI_0050795_rois_aal.1D
50798,True,AAL,D:\FGDN_Project\data\raw\abide\roi_timeseries\AAL\Outputs\cpac\nofilt_noglobal\rois_aal\KKI_0050798_rois_aal.1D
50799,True,AAL,D:\FGDN_Project\data\raw\abide\roi_timeseries\AAL\Outputs\cpac\nofilt_noglobal\rois_aal\KKI_0050799_rois_aal.1D
50800,True,AAL,D:\FGDN_Project\data\raw\abide\roi_timeseries\AAL\Outputs\cpac\nofilt_noglobal\rois_aal\KKI_0050800_rois_aal.1D
50802,True,AAL,D:\FGDN_Project\data\raw\abide\roi_timeseries\AAL\Outputs\cpac\nofilt_noglobal\rois_aal\KKI_0050802_rois_aal.1D
50803,True,AAL,D:\FGDN_Project\data\raw\abide\roi_timeseries\AAL\Outputs\cpac\nofilt_noglobal\rois_aal\KKI_0050803_rois_aal.1D
50804,True,AAL,D:\FGDN_Project\data\raw\abide\roi_timeseries\AAL\Outputs\cpac\nofilt_noglobal\rois_aal\KKI_0050804_rois_aal.1D
50812,True,AAL,D:\FGDN_Project\data\raw\abide\roi_timeseries\AAL\Outputs\cpac\nofilt_noglobal\rois_aal\KKI_0050812_rois_aal.1D
50814,True,AAL,D:\FGDN_Project\data\raw\abide\roi_timeseries\AAL\Outputs\cpac\nofilt_noglobal\rois_aal\KKI_0050814_rois_aal.1D
50816,True,AAL,D:\FGDN_Project\data\raw\abide\roi_timeseries\AAL\Outputs\cpac\nofilt_noglobal\rois_aal\KKI_0050816_rois_aal.1D
50817,True,AAL,D:\FGDN_Project\data\raw\abide\roi_timeseries\AAL\Outputs\cpac\nofilt_noglobal\rois_aal\KKI_0050817_rois_aal.1D
50818,True,AAL,D:\FGDN_Project\data\raw\abide\roi_timeseries\AAL\Outputs\cpac\nofilt_noglobal\rois_aal\KKI_0050818_rois_aal.1D
50819,True,AAL,D:\FGDN_Project\data\raw\abide\roi_timeseries\AAL\Outputs\cpac\nofilt_noglobal\rois_aal\KKI_0050819_rois_aal.1D
50820,True,AAL,D:\FGDN_Project\data\raw\abide\roi_timeseries\AAL\Outputs\cpac\nofilt_noglobal\rois_aal\KKI_0050820_rois_aal.1D
50821,True,AAL,D:\FGDN_Project\data\raw\abide\roi_timeseries\AAL\Outputs\cpac\nofilt_noglobal\rois_aal\KKI_0050821_rois_aal.1D
50822,True,AAL,D:\FGDN_Project\data\raw\abide\roi_timeseries\AAL\Outputs\cpac\nofilt_noglobal\rois_aal\KKI_0050822_rois_aal.1D
50823,True,AAL,D:\FGDN_Project\data\raw\abide\roi_timeseries\AAL\Outputs\cpac\nofilt_noglobal\rois_aal\KKI_0050823_rois_aal.1D
50824,True,AAL,D:\FGDN_Project\data\raw\abide\roi_timeseries\AAL\Outputs\cpac\nofilt_noglobal\rois_aal\KKI_0050824_rois_aal.1D
50825,True,AAL,D:\FGDN_Project\data\raw\abide\roi_timeseries\AAL\Outputs\cpac\nofilt_noglobal\rois_aal\KKI_0050825_rois_aal.1D
50954,True,AAL,D:\FGDN_Project\data\raw\abide\roi_timeseries\AAL\Outputs\cpac\nofilt_noglobal\rois_aal\NYU_0050954_rois_aal.1D
50955,True,AAL,D:\FGDN_Project\data\raw\abide\roi_timeseries\AAL\Outputs\cpac\nofilt_noglobal\rois_aal\NYU_0050955_rois_aal.1D
50956,True,AAL,D:\FGDN_Project\data\raw\abide\roi_timeseries\AAL\Outputs\cpac\nofilt_noglobal\rois_aal\NYU_0050956_rois_aal.1D
50957,True,AAL,D:\FGDN_Project\data\raw\abide\roi_timeseries\AAL\Outputs\cpac\nofilt_noglobal\rois_aal\NYU_0050957_rois_aal.1D
50958,True,AAL,D:\FGDN_Project\data\raw\abide\roi_timeseries\AAL\Outputs\cpac\nofilt_noglobal\rois_aal\NYU_0050958_rois_aal.1D
50959,True,AAL,D:\FGDN_Project\data\raw\abide\roi_timeseries\AAL\Outputs\cpac\nofilt_noglobal\rois_aal\NYU_0050959_rois_aal.1D
50960,True,AAL,D:\FGDN_Project\data\raw\abide\roi_timeseries\AAL\Outputs\cpac\nofilt_noglobal\rois_aal\NYU_0050960_rois_aal.1D
50961,True,AAL,D:\FGDN_Project\data\raw\abide\roi_timeseries\AAL\Outputs\cpac\nofilt_noglobal\rois_aal\NYU_0050961_rois_aal.1D
50962,True,AAL,D:\FGDN_Project\data\raw\abide\roi_timeseries\AAL\Outputs\cpac\nofilt_noglobal\rois_aal\NYU_0050962_rois_aal.1D
50964,True,AAL,D:\FGDN_Project\data\raw\abide\roi_timeseries\AAL\Outputs\cpac\nofilt_noglobal\rois_aal\NYU_0050964_rois_aal.1D
50965,True,AAL,D:\FGDN_Project\data\raw\abide\roi_timeseries\AAL\Outputs\cpac\nofilt_noglobal\rois_aal\NYU_0050965_rois_aal.1D
50966,True,AAL,D:\FGDN_Project\data\raw\abide\roi_timeseries\AAL\Outputs\cpac\nofilt_noglobal\rois_aal\NYU_0050966_rois_aal.1D
50967,True,AAL,D:\FGDN_Project\data\raw\abide\roi_timeseries\AAL\Outputs\cpac\nofilt_noglobal\rois_aal\NYU_0050967_rois_aal.1D
50968,True,AAL,D:\FGDN_Project\data\raw\abide\roi_timeseries\AAL\Outputs\cpac\nofilt_noglobal\rois_aal\NYU_0050968_rois_aal.1D
50969,True,AAL,D:\FGDN_Project\data\raw\abide\roi_timeseries\AAL\Outputs\cpac\nofilt_noglobal\rois_aal\NYU_0050969_rois_aal.1D
50970,True,AAL,D:\FGDN_Project\data\raw\abide\roi_timeseries\AAL\Outputs\cpac\nofilt_noglobal\rois_aal\NYU_0050970_rois_aal.1D
50972,True,AAL,D:\FGDN_Project\data\raw\abide\roi_timeseries\AAL\Outputs\cpac\nofilt_noglobal\rois_aal\NYU_0050972_rois_aal.1D
50973,True,AAL,D:\FGDN_Project\data\raw\abide\roi_timeseries\AAL\Outputs\cpac\nofilt_noglobal\rois_aal\NYU_0050973_rois_aal.1D
50974,True,AAL,D:\FGDN_Project\data\raw\abide\roi_timeseries\AAL\Outputs\cpac\nofilt_noglobal\rois_aal\NYU_0050974_rois_aal.1D
50976,True,AAL,D:\FGDN_Project\data\raw\abide\roi_timeseries\AAL\Outputs\cpac\nofilt_noglobal\rois_aal\NYU_0050976_rois_aal.1D
50977,True,AAL,D:\FGDN_Project\data\raw\abide\roi_timeseries\AAL\Outputs\cpac\nofilt_noglobal\rois_aal\NYU_0050977_rois_aal.1D
50978,True,AAL,D:\FGDN_Project\data\raw\abide\roi_timeseries\AAL\Outputs\cpac\nofilt_noglobal\rois_aal\NYU_0050978_rois_aal.1D
50979,True,AAL,D:\FGDN_Project\data\raw\abide\roi_timeseries\AAL\Outputs\cpac\nofilt_noglobal\rois_aal\NYU_0050979_rois_aal.1D
50981,True,AAL,D:\FGDN_Project\data\raw\abide\roi_timeseries\AAL\Outputs\cpac\nofilt_noglobal\rois_aal\NYU_0050981_rois_aal.1D
50982,True,AAL,D:\FGDN_Project\data\raw\abide\roi_timeseries\AAL\Outputs\cpac\nofilt_noglobal\rois_aal\NYU_0050982_rois_aal.1D
50983,True,AAL,D:\FGDN_Project\data\raw\abide\roi_timeseries\AAL\Outputs\cpac\nofilt_noglobal\rois_aal\NYU_0050983_rois_aal.1D
50984,True,AAL,D:\FGDN_Project\data\raw\abide\roi_timeseries\AAL\Outputs\cpac\nofilt_noglobal\rois_aal\NYU_0050984_rois_aal.1D
50985,True,AAL,D:\FGDN_Project\data\raw\abide\roi_timeseries\AAL\Outputs\cpac\nofilt_noglobal\rois_aal\NYU_0050985_rois_aal.1D
50986,True,AAL,D:\FGDN_Project\data\raw\abide\roi_timeseries\AAL\Outputs\cpac\nofilt_noglobal\rois_aal\NYU_0050986_rois_aal.1D
50987,True,AAL,D:\FGDN_Project\data\raw\abide\roi_timeseries\AAL\Outputs\cpac\nofilt_noglobal\rois_aal\NYU_0050987_rois_aal.1D
50988,True,AAL,D:\FGDN_Project\data\raw\abide\roi_timeseries\AAL\Outputs\cpac\nofilt_noglobal\rois_aal\NYU_0050988_rois_aal.1D
50989,True,AAL,D:\FGDN_Project\data\raw\abide\roi_timeseries\AAL\Outputs\cpac\nofilt_noglobal\rois_aal\NYU_0050989_rois_aal.1D
50990,True,AAL,D:\FGDN_Project\data\raw\abide\roi_timeseries\AAL\Outputs\cpac\nofilt_noglobal\rois_aal\NYU_0050990_rois_aal.1D
50991,True,AAL,D:\FGDN_Project\data\raw\abide\roi_timeseries\AAL\Outputs\cpac\nofilt_noglobal\rois_aal\NYU_0050991_rois_aal.1D
50992,True,AAL,D:\FGDN_Project\data\raw\abide\roi_timeseries\AAL\Outputs\cpac\nofilt_noglobal\rois_aal\NYU_0050992_rois_aal.1D
50993,True,AAL,D:\FGDN_Project\data\raw\abide\roi_timeseries\AAL\Outputs\cpac\nofilt_noglobal\rois_aal\NYU_0050993_rois_aal.1D
50994,True,AAL,D:\FGDN_Project\data\raw\abide\roi_timeseries\AAL\Outputs\cpac\nofilt_noglobal\rois_aal\NYU_0050994_rois_aal.1D
50995,True,AAL,D:\FGDN_Project\data\raw\abide\roi_timeseries\AAL\Outputs\cpac\nofilt_noglobal\rois_aal\NYU_0050995_rois_aal.1D
50996,True,AAL,D:\FGDN_Project\data\raw\abide\roi_timeseries\AAL\Outputs\cpac\nofilt_noglobal\rois_aal\NYU_0050996_rois_aal.1D
50997,True,AAL,D:\FGDN_Project\data\raw\abide\roi_timeseries\AAL\Outputs\cpac\nofilt_noglobal\rois_aal\NYU_0050997_rois_aal.1D
50998,True,AAL,D:\FGDN_Project\data\raw\abide\roi_timeseries\AAL\Outputs\cpac\nofilt_noglobal\rois_aal\NYU_0050998_rois_aal.1D
50999,True,AAL,D:\FGDN_Project\data\raw\abide\roi_timeseries\AAL\Outputs\cpac\nofilt_noglobal\rois_aal\NYU_0050999_rois_aal.1D
51000,True,AAL,D:\FGDN_Project\data\raw\abide\roi_timeseries\AAL\Outputs\cpac\nofilt_noglobal\rois_aal\NYU_0051000_rois_aal.1D
51001,True,AAL,D:\FGDN_Project\data\raw\abide\roi_timeseries\AAL\Outputs\cpac\nofilt_noglobal\rois_aal\NYU_0051001_rois_aal.1D
